paper,effect_rows,outcomes,pollinator_groups,fixed_effect_hedges_g,sampling_variance,standard_error,ci_low,ci_high
Adler and Irwin 2005,2,visit number,Bee,-0.27225569418178697,0.026088913424352014,0.16152062847931226,-0.5888303087615135,0.04431892039793961
Johnson et al 2006,4,volume consumed,Bee;Bird,-1.0636005726275355,0.029095821779536242,0.17057497407162706,-1.397921378471778,-0.7292797667832929
Jones and Agrawal 2016,2,visit number,Bee;Lepidoptera,-0.037307892436308596,0.03864168282227634,0.19657487841094126,-0.4225875743870937,0.3479717895144765
Kohler Pirk and Nicholson 2012,21,volume consumed,Bee,-1.161432814588451,0.02425878699824121,0.15575232581968465,-1.4667017637033808,-0.8561638654735211
Manson et al 2013,8,visit number;vist length,Bee,-0.5845399364693751,0.004238478248102954,0.06510359627626537,-0.7121406404348911,-0.456939232503859
Palmer-Young et al 2017,2,volume consumed,Bee,-0.33303151880593235,0.02435067984537678,0.15604704369316574,-0.6388781043384855,-0.027184933273379286
Vanette et al 2016,6,volume consumed,Bee;Bird;Other,-0.2640611863137226,0.03510110649703229,0.18735289295079563,-0.6312661088966702,0.10314373626922502
Wright et al 2013,12,volume consumed,Bee,-0.48316472282095113,0.0034947529680856323,0.059116435684889126,-0.5990308076577122,-0.36729863798419
Zhang et al 2016,6,volume consumed,Bee;Other,0.6547279385721885,0.08328431413006097,0.2885902183547824,0.08910150430626496,1.2203543728381119
