paper,verified_doi,published_effect_rows,published_study_hedges_g,published_study_se,workbook_outcomes,workbook_consumers,current_b_role_state,current_outcome_state,strict_b_reuse_status,reason,next_action
Adler and Irwin 2005,10.1890/05-0118,2,-0.2722556942,0.1615206285,visit number,Bee,same_study_verified,field visitation count; two years with different dose realism,do_not_reuse_published_study_summary,The broad study summary pools the 2002 supra-natural and 2004 natural-range years. bita already retains the year-specific primary-source lnRRs and counts the study as one independence cluster.,Retain 2004 natural-range lnRR as the primary visitation effect and 2002 only as within-study dose sensitivity.
Johnson et al 2006,10.1890/0012-9658(2006)87[2709:DBNFAA]2.0.CO;2,4,-1.0636005726,0.1705749741,volume consumed,Bee;Bird,same_study_filter_verified,effective pollinator and mismatched visitor responses are biologically distinct,context_only_not_negative_primary_pool,The floral trait functions as a visitor filter: mismatched visitors are strongly rejected while effective bird pollinators are comparatively tolerant. The broad pooled study effect combines consumer roles and cannot be interpreted as a universal legitimate-pollinator cost.,Preserve role-specific consumer contrasts; do not enter the broad study summary into a negative B-to-P pool.
Jones and Agrawal 2016,10.1002/ecy.1483,2,-0.0373078924,0.1965748784,visit number,Bee;Lepidoptera,same_study_verified,mutualist bee and antagonist butterfly responses occur in separate assays,do_not_reuse_published_study_summary,The published study summary combines a legitimate pollinator row with an antagonist row. bita must split the B-to-P and B-to-H paths and preserve individual-bout versus colony-level bee responses.,Use source/model-specific pollinator effects only; keep monarch oviposition in the antagonist lane.
Kohler Pirk and Nicholson 2012,,21,-1.1614328146,0.1557523258,volume consumed,Bee,not_yet_reaudited_from_primary_source,many dose-dependent consumption contrasts within one study,hold,"The broad study summary collapses 21 dependent contrasts. The flower-specific antagonist-reduction role, treatment orientation, and repeated-measure structure must be verified from the primary source.","Recover the primary source and identify compound, dose, experimental unit, and dependence before any strict-B use."
Manson et al 2013,10.1111/1365-2745.12144,8,-0.5845399365,0.0651035963,visit number;visit length,Bee,defence_context_verified_but_flower_specific_antagonist_reduction_not_directly_tested,five-dose field experiment; visit number and visit length are separate endpoints,do_not_reuse_published_study_summary,The broad study summary pools dose levels and two different pollinator-response constructs. Primary-source results show little or no cost near the natural range and strong deterrence only at much higher concentrations.,Retain dose-specific visit-number and visit-length effects separately as defence-linked context; do not average them into one canonical effect.
Palmer-Young et al 2017,,2,-0.3330315188,0.1560470437,volume consumed,Bee,not_yet_reaudited_from_primary_source,consumption response only in recovered workbook,hold,The recovered workbook does not establish whether the focal compound has a flower-specific antagonist-reduction role or whether the assay measures legitimate floral use rather than consumer health or medication.,"Audit the primary source for trait role, infection context, treatment contrast, and experimental unit."
Vanette et al 2016,10.1890/15-0858.1,6,-0.2640611863,0.1873528930,volume consumed,Bee;Bird;Other,role_audit_required,compound-by-microbe and consumer-group contrasts,hold,The broad study summary combines consumer groups and secondary-metabolite contrasts from a microbe-modification experiment. It cannot be treated as one flower-defence-to-pollinator effect.,"Separate compound, microbe context, and legitimate pollinator groups; require an independently justified B role."
Wright et al 2013,,12,-0.4831647228,0.0591164357,volume consumed,Bee,not_yet_reaudited_from_primary_source,multiple dependent concentration or assay contrasts,hold,The recovered workbook contains twelve dependent consumption contrasts but does not by itself establish a flower-specific antagonist-reduction role or a single independent study effect suitable for bita.,"Audit compound role, assay structure, and dependence from the primary source."
Zhang et al 2016,,6,0.6547279386,0.2885902184,volume consumed,Bee;Other,not_yet_reaudited_from_primary_source,opposite consumer groups are present in the same broad study summary,hold,"This is the only positive published paper-level summary, but the workbook combines bee and other-consumer contrasts. Trait role, legitimate pollinator identity, and biological orientation require primary-source verification.",Prioritize primary-source audit because this study can test whether a positive route is a real counterexample or an artefact of mixed consumer roles.
