outcome_lane,omitted_paper,remaining_papers,fixed_effect_mean,random_effects_mean,random_effects_standard_error,ci_low,ci_high,tau_squared_DL,Q,Q_df,I_squared_percent
visit number,Adler and Irwin 2005,2,-0.4293188451,-0.307538573,0.2363925274,-0.7708594128,0.1557822669,0.09026436488,4.839280633,1,79.33577166
visit number,Jones and Agrawal 2016,2,-0.4554785594,-0.4298707105,0.1153779659,-0.6560073682,-0.2037340528,0.01206565494,1.700092817,1,41.17968208
visit number,Manson et al 2013,2,-0.1775627172,-0.1775627172,0.1247961558,-0.4221586881,0.06703325365,0,0.8527724561,1,0
volume consumed,Johnson et al 2006,5,-0.4877851092,-0.3699307644,0.1982204944,-0.7584357944,0.01857426571,0.165562112,36.79547543,4,89.1290982
volume consumed,Kohler Pirk and Nicholson 2012,5,-0.4679407893,-0.3534408373,0.181891186,-0.7099410109,0.003059336305,0.1340516553,29.32603404,4,86.36024225
volume consumed,Palmer-Young et al 2017,5,-0.5527863948,-0.5083076683,0.2244916031,-0.9483031253,-0.06831221136,0.2194642417,45.50806111,4,91.21034845
volume consumed,Vanette et al 2016,5,-0.550860062,-0.5233844428,0.2143190619,-0.9434420855,-0.1033268002,0.1995249782,45.11480139,4,91.13373022
volume consumed,Wright et al 2013,5,-0.6221271087,-0.4643650637,0.2745480627,-1.002469379,0.07373925132,0.3388906843,45.348653,4,91.17945135
volume consumed,Zhang et al 2016,5,-0.5654787987,-0.6578832379,0.1646401508,-0.9805720039,-0.3351944719,0.1131755123,29.91439014,4,86.62850895
