analysis_id,stratum_id,omitted_study_cluster_id,independent_clusters,pooled_effect,ci_low,ci_high,pooled_direction,direction_matches_full_set
larceny_type_female,HF_larceny_female_lrr_comparative,Andaloetal2019,47,-0.2135037336,-0.3557982445,-0.07120922265,negative,true
larceny_type_female,HF_larceny_female_lrr_comparative,Arizmendieetal1996,47,-0.1953518217,-0.3376284413,-0.05307520211,negative,true
larceny_type_female,HF_larceny_female_lrr_comparative,Bergamo&Sazima2018,47,-0.2124950664,-0.3556215993,-0.06936853357,negative,true
larceny_type_female,HF_larceny_female_lrr_comparative,Brodyetal2008,47,-0.2070498162,-0.3506018564,-0.06349777592,negative,true
larceny_type_female,HF_larceny_female_lrr_comparative,Burkleetal_2007,47,-0.211508374,-0.3558543354,-0.06716241268,negative,true
larceny_type_female,HF_larceny_female_lrr_comparative,Carrio&Guemes2019,47,-0.2161016421,-0.3587784783,-0.07342480589,negative,true
larceny_type_female,HF_larceny_female_lrr_comparative,Castroetal_2008,47,-0.2148031343,-0.3586545268,-0.07095174174,negative,true
larceny_type_female,HF_larceny_female_lrr_comparative,Cuevas-Garciaetal2013,47,-0.2086612696,-0.3511895017,-0.06613303749,negative,true
larceny_type_female,HF_larceny_female_lrr_comparative,Dedej&Delaplane_2005,47,-0.2105584764,-0.3534928411,-0.06762411163,negative,true
larceny_type_female,HF_larceny_female_lrr_comparative,Dengetal2004,47,-0.1834939204,-0.3255579476,-0.04142989328,negative,true
larceny_type_female,HF_larceny_female_lrr_comparative,Dengetal_2015,47,-0.2117532252,-0.3547339254,-0.06877252493,negative,true
larceny_type_female,HF_larceny_female_lrr_comparative,Elyiahuetak2015,47,-0.2078697741,-0.3497788576,-0.06596069053,negative,true
larceny_type_female,HF_larceny_female_lrr_comparative,Ferreiraetal2020,47,-0.2057511554,-0.3484237173,-0.06307859344,negative,true
larceny_type_female,HF_larceny_female_lrr_comparative,Fumero-Caban&Melendez-Ackerman_2013,47,-0.2173401855,-0.3598713515,-0.07480901942,negative,true
larceny_type_female,HF_larceny_female_lrr_comparative,Gallen&Butchart2003,47,-0.219103866,-0.3613296101,-0.07687812197,negative,true
larceny_type_female,HF_larceny_female_lrr_comparative,Gelvez-Zuningaetal2016,47,-0.2234051533,-0.3655160058,-0.08129430083,negative,true
larceny_type_female,HF_larceny_female_lrr_comparative,Hansen&Muller2009,47,-0.1923285068,-0.3340816557,-0.05057535787,negative,true
larceny_type_female,HF_larceny_female_lrr_comparative,Hazlehurst&Karubian_2016,47,-0.2159312797,-0.3577521163,-0.07411044315,negative,true
larceny_type_female,HF_larceny_female_lrr_comparative,Heillingetal_2018,47,-0.2153603244,-0.3582035802,-0.07251706854,negative,true
larceny_type_female,HF_larceny_female_lrr_comparative,Higashietal,47,-0.1932978794,-0.3359016659,-0.05069409297,negative,true
larceny_type_female,HF_larceny_female_lrr_comparative,Irwin&Brody1999,47,-0.213217902,-0.3576788392,-0.06875696481,negative,true
larceny_type_female,HF_larceny_female_lrr_comparative,Irwin&Brody2000,47,-0.2316162489,-0.3662486554,-0.09698384243,negative,true
larceny_type_female,HF_larceny_female_lrr_comparative,Irwinetal2015,47,-0.2001389096,-0.3508426458,-0.04943517338,negative,true
larceny_type_female,HF_larceny_female_lrr_comparative,Irwinetal_2008,47,-0.2004261778,-0.3456092879,-0.05524306777,negative,true
larceny_type_female,HF_larceny_female_lrr_comparative,Lara&Ornelas_2001,47,-0.2129869945,-0.3575300937,-0.06844389536,negative,true
larceny_type_female,HF_larceny_female_lrr_comparative,Lasso&Naranjo_2003,47,-0.2102657946,-0.3542742227,-0.06625736651,negative,true
larceny_type_female,HF_larceny_female_lrr_comparative,MacDade&Weeks2004,47,-0.2163987008,-0.3590531662,-0.07374423547,negative,true
larceny_type_female,HF_larceny_female_lrr_comparative,Mackinetal_2021,47,-0.2052827694,-0.3537309807,-0.05683455817,negative,true
larceny_type_female,HF_larceny_female_lrr_comparative,Mallof_2001,47,-0.2182384142,-0.3607777474,-0.07569908099,negative,true
larceny_type_female,HF_larceny_female_lrr_comparative,Mayeretal_2014,47,-0.2148395137,-0.3579956748,-0.07168335262,negative,true
larceny_type_female,HF_larceny_female_lrr_comparative,McDonald&Caruso2019,47,-0.2151348482,-0.3582702662,-0.07199943012,negative,true
larceny_type_female,HF_larceny_female_lrr_comparative,Morris_1996,47,-0.2166017793,-0.3591124095,-0.07409114915,negative,true
larceny_type_female,HF_larceny_female_lrr_comparative,Pelayoetal2011,47,-0.227609753,-0.3698598627,-0.08535964322,negative,true
larceny_type_female,HF_larceny_female_lrr_comparative,Quinalhaetal2017,47,-0.2082728255,-0.3493983885,-0.06714726248,negative,true
larceny_type_female,HF_larceny_female_lrr_comparative,Richardson_2004,47,-0.2073916596,-0.3485800837,-0.06620323555,negative,true
larceny_type_female,HF_larceny_female_lrr_comparative,Richmanetal_2018,47,-0.2044116634,-0.3470780269,-0.06174529982,negative,true
larceny_type_female,HF_larceny_female_lrr_comparative,Rojas-Nossaetal2016,47,-0.181137115,-0.2886805982,-0.07359363185,negative,true
larceny_type_female,HF_larceny_female_lrr_comparative,Santosetal2020,47,-0.215609846,-0.35822021,-0.07299948208,negative,true
larceny_type_female,HF_larceny_female_lrr_comparative,Tameles&Pan_2022,47,-0.2141736044,-0.3565777656,-0.07176944327,negative,true
larceny_type_female,HF_larceny_female_lrr_comparative,Travesetetal1998,47,-0.2102947917,-0.3534179762,-0.06717160723,negative,true
larceny_type_female,HF_larceny_female_lrr_comparative,Utelli&Roy2001,47,-0.2163557887,-0.3589501713,-0.07376140612,negative,true
larceny_type_female,HF_larceny_female_lrr_comparative,Valdivia&Gonzalez-Gomes_2006,47,-0.2086207387,-0.35105761,-0.06618386735,negative,true
larceny_type_female,HF_larceny_female_lrr_comparative,Varma&Sinu2019,47,-0.2143313148,-0.3564472865,-0.07221534312,negative,true
larceny_type_female,HF_larceny_female_lrr_comparative,Varmaetal2020,47,-0.21451514,-0.3574004108,-0.0716298692,negative,true
larceny_type_female,HF_larceny_female_lrr_comparative,Zhangetal2009a,47,-0.2132860194,-0.3559545352,-0.07061750356,negative,true
larceny_type_female,HF_larceny_female_lrr_comparative,Zhangetal2011,47,-0.2132554902,-0.3559840801,-0.07052690037,negative,true
larceny_type_female,HF_larceny_female_lrr_comparative,Zhangetal_2010a,47,-0.2106529315,-0.352517773,-0.06878809001,negative,true
larceny_type_female,HF_larceny_female_lrr_comparative,Zhangetal_2014,47,-0.2081239908,-0.3509167734,-0.06533120818,negative,true
larceny_assurance_female,HF_larceny_female_lrr_comparative,Andaloetal2019,46,-0.2164188537,-0.3604625542,-0.07237515312,negative,true
larceny_assurance_female,HF_larceny_female_lrr_comparative,Arizmendieetal1996,46,-0.1978331865,-0.3418588513,-0.05380752162,negative,true
larceny_assurance_female,HF_larceny_female_lrr_comparative,Bergamo&Sazima2018,46,-0.2154014693,-0.3602965285,-0.0705064101,negative,true
larceny_assurance_female,HF_larceny_female_lrr_comparative,Brodyetal2008,46,-0.2098267009,-0.3551538582,-0.0644995437,negative,true
larceny_assurance_female,HF_larceny_female_lrr_comparative,Burkleetal_2007,46,-0.2143905031,-0.3605208938,-0.06826011242,negative,true
larceny_assurance_female,HF_larceny_female_lrr_comparative,Carrio&Guemes2019,46,-0.2190936224,-0.3635326624,-0.07465458233,negative,true
larceny_assurance_female,HF_larceny_female_lrr_comparative,Castroetal_2008,46,-0.2177620212,-0.3633818999,-0.07214214253,negative,true
larceny_assurance_female,HF_larceny_female_lrr_comparative,Cuevas-Garciaetal2013,46,-0.2114685802,-0.3557533899,-0.06718377044,negative,true
larceny_assurance_female,HF_larceny_female_lrr_comparative,Dedej&Delaplane_2005,46,-0.213418265,-0.3581185484,-0.06871798158,negative,true
larceny_assurance_female,HF_larceny_female_lrr_comparative,Dengetal2004,46,-0.1856871865,-0.3294953209,-0.04187905208,negative,true
larceny_assurance_female,HF_larceny_female_lrr_comparative,Dengetal_2015,46,-0.2146417388,-0.3593890439,-0.06989443369,negative,true
larceny_assurance_female,HF_larceny_female_lrr_comparative,Elyiahuetak2015,46,-0.2106341772,-0.3542786541,-0.06698970023,negative,true
larceny_assurance_female,HF_larceny_female_lrr_comparative,Ferreiraetal2020,46,-0.2084929728,-0.3529261359,-0.06405980974,negative,true
larceny_assurance_female,HF_larceny_female_lrr_comparative,Fumero-Caban&Melendez-Ackerman_2013,46,-0.2203574878,-0.3646468974,-0.0760680782,negative,true
larceny_assurance_female,HF_larceny_female_lrr_comparative,Gallen&Butchart2003,46,-0.2221515678,-0.36612484,-0.07817829557,negative,true
larceny_assurance_female,HF_larceny_female_lrr_comparative,Gelvez-Zuningaetal2016,46,-0.2265526735,-0.3704076967,-0.08269765019,negative,true
larceny_assurance_female,HF_larceny_female_lrr_comparative,Hansen&Muller2009,46,-0.1947151744,-0.3381994431,-0.05123090561,negative,true
larceny_assurance_female,HF_larceny_female_lrr_comparative,Hazlehurst&Karubian_2016,46,-0.2189184835,-0.362478295,-0.07535867201,negative,true
larceny_assurance_female,HF_larceny_female_lrr_comparative,Heillingetal_2018,46,-0.218335128,-0.3629425483,-0.07372770763,negative,true
larceny_assurance_female,HF_larceny_female_lrr_comparative,Higashietal,46,-0.1957449037,-0.340109581,-0.05138022643,negative,true
larceny_assurance_female,HF_larceny_female_lrr_comparative,Irwin&Brody1999,46,-0.2161401417,-0.3623850825,-0.0698952009,negative,true
larceny_assurance_female,HF_larceny_female_lrr_comparative,Irwin&Brody2000,46,-0.2349869852,-0.3712699147,-0.09870405565,negative,true
larceny_assurance_female,HF_larceny_female_lrr_comparative,Irwinetal2015,46,-0.2027544546,-0.3553623015,-0.05014660772,negative,true
larceny_assurance_female,HF_larceny_female_lrr_comparative,Irwinetal_2008,46,-0.2030462315,-0.3500321229,-0.05606034006,negative,true
larceny_assurance_female,HF_larceny_female_lrr_comparative,Lara&Ornelas_2001,46,-0.2159037268,-0.3622321837,-0.06957526976,negative,true
larceny_assurance_female,HF_larceny_female_lrr_comparative,Lasso&Naranjo_2003,46,-0.2131187967,-0.3589078509,-0.0673297424,negative,true
larceny_assurance_female,HF_larceny_female_lrr_comparative,MacDade&Weeks2004,46,-0.2193977718,-0.3638141258,-0.07498141782,negative,true
larceny_assurance_female,HF_larceny_female_lrr_comparative,Mackinetal_2021,46,-0.2080153957,-0.3583102995,-0.05772049201,negative,true
larceny_assurance_female,HF_larceny_female_lrr_comparative,Mallof_2001,46,-0.2212786341,-0.3655771183,-0.07698014986,negative,true
larceny_assurance_female,HF_larceny_female_lrr_comparative,Mayeretal_2014,46,-0.2178016433,-0.3627252192,-0.07287806736,negative,true
larceny_assurance_female,HF_larceny_female_lrr_comparative,McDonald&Caruso2019,46,-0.2181038854,-0.363005631,-0.07320213973,negative,true
larceny_assurance_female,HF_larceny_female_lrr_comparative,Morris_1996,46,-0.2196001235,-0.3638679834,-0.07533226371,negative,true
larceny_assurance_female,HF_larceny_female_lrr_comparative,Pelayoetal2011,46,-0.2308667377,-0.3748682837,-0.08686519162,negative,true
larceny_assurance_female,HF_larceny_female_lrr_comparative,Quinalhaetal2017,46,-0.2110149615,-0.3538477791,-0.0681821438,negative,true
larceny_assurance_female,HF_larceny_female_lrr_comparative,Richardson_2004,46,-0.2101150648,-0.3530130515,-0.06721707814,negative,true
larceny_assurance_female,HF_larceny_female_lrr_comparative,Richmanetal_2018,46,-0.2071214427,-0.351548272,-0.06269461346,negative,true
larceny_assurance_female,HF_larceny_female_lrr_comparative,Rojas-Nossaetal2016,46,-0.1833583755,-0.2923262573,-0.07439049363,negative,true
larceny_assurance_female,HF_larceny_female_lrr_comparative,Santosetal2020,46,-0.2185875899,-0.3629581697,-0.07421701013,negative,true
larceny_assurance_female,HF_larceny_female_lrr_comparative,Tameles&Pan_2022,46,-0.2171090526,-0.3612662709,-0.07295183418,negative,true
larceny_assurance_female,HF_larceny_female_lrr_comparative,Travesetetal1998,46,-0.2131487088,-0.3580406004,-0.06825681731,negative,true
larceny_assurance_female,HF_larceny_female_lrr_comparative,Utelli&Roy2001,46,-0.2193513809,-0.3637057949,-0.0749969669,negative,true
larceny_assurance_female,HF_larceny_female_lrr_comparative,Valdivia&Gonzalez-Gomes_2006,46,-0.2114239124,-0.3556144415,-0.06723338319,negative,true
larceny_assurance_female,HF_larceny_female_lrr_comparative,Varma&Sinu2019,46,-0.217259431,-0.3611183967,-0.07340046522,negative,true
larceny_assurance_female,HF_larceny_female_lrr_comparative,Varmaetal2020,46,-0.2174696769,-0.3621200243,-0.07281932952,negative,true
larceny_assurance_female,HF_larceny_female_lrr_comparative,Zhangetal2011,46,-0.2161784911,-0.3606696155,-0.07168736677,negative,true
larceny_assurance_female,HF_larceny_female_lrr_comparative,Zhangetal_2010a,46,-0.2134824903,-0.3570812012,-0.06988377938,negative,true
larceny_assurance_female,HF_larceny_female_lrr_comparative,Zhangetal_2014,46,-0.2109245036,-0.355480654,-0.06636835328,negative,true
larceny_assignment_female,HF_larceny_female_lrr_comparative,Andaloetal2019,43,-0.2308123996,-0.3842235611,-0.07740123801,negative,true
larceny_assignment_female,HF_larceny_female_lrr_comparative,Arizmendieetal1996,43,-0.2105810958,-0.3639798216,-0.0571823701,negative,true
larceny_assignment_female,HF_larceny_female_lrr_comparative,Bergamo&Sazima2018,43,-0.2297608934,-0.3841054469,-0.07541633982,negative,true
larceny_assignment_female,HF_larceny_female_lrr_comparative,Brodyetal2008,43,-0.223781936,-0.3786774834,-0.06888638871,negative,true
larceny_assignment_female,HF_larceny_female_lrr_comparative,Carrio&Guemes2019,43,-0.233726838,-0.3875440889,-0.07990958707,negative,true
larceny_assignment_female,HF_larceny_female_lrr_comparative,Castroetal_2008,43,-0.2321742432,-0.3867404129,-0.07760807347,negative,true
larceny_assignment_female,HF_larceny_female_lrr_comparative,Cuevas-Garciaetal2013,43,-0.2254763077,-0.3791581517,-0.0717944638,negative,true
larceny_assignment_female,HF_larceny_female_lrr_comparative,Dedej&Delaplane_2005,43,-0.2276258933,-0.3817700593,-0.0734817274,negative,true
larceny_assignment_female,HF_larceny_female_lrr_comparative,Dengetal2004,43,-0.1972487216,-0.350405996,-0.04409144717,negative,true
larceny_assignment_female,HF_larceny_female_lrr_comparative,Dengetal_2015,43,-0.2289432535,-0.3831329772,-0.07475352975,negative,true
larceny_assignment_female,HF_larceny_female_lrr_comparative,Elyiahuetak2015,43,-0.2243995561,-0.3773632128,-0.07143589942,negative,true
larceny_assignment_female,HF_larceny_female_lrr_comparative,Ferreiraetal2020,43,-0.222290508,-0.376142152,-0.06843886392,negative,true
larceny_assignment_female,HF_larceny_female_lrr_comparative,Gallen&Butchart2003,43,-0.2370542721,-0.3903842302,-0.08372431394,negative,true
larceny_assignment_female,HF_larceny_female_lrr_comparative,Gelvez-Zuningaetal2016,43,-0.2418668505,-0.3950633067,-0.08867039427,negative,true
larceny_assignment_female,HF_larceny_female_lrr_comparative,Hansen&Muller2009,43,-0.2067868895,-0.3595713049,-0.05400247413,negative,true
larceny_assignment_female,HF_larceny_female_lrr_comparative,Hazlehurst&Karubian_2016,43,-0.2333558496,-0.3853839699,-0.08132772941,negative,true
larceny_assignment_female,HF_larceny_female_lrr_comparative,Higashietal,43,-0.2085589875,-0.3623573102,-0.0547606647,negative,true
larceny_assignment_female,HF_larceny_female_lrr_comparative,Irwin&Brody2000,43,-0.2506761433,-0.3947459464,-0.1066063401,negative,true
larceny_assignment_female,HF_larceny_female_lrr_comparative,Irwinetal2015,43,-0.2167352535,-0.3819576782,-0.05151282867,negative,true
larceny_assignment_female,HF_larceny_female_lrr_comparative,Irwinetal_2008,43,-0.2165975967,-0.373734921,-0.05946027235,negative,true
larceny_assignment_female,HF_larceny_female_lrr_comparative,Lara&Ornelas_2001,43,-0.2302914883,-0.386155418,-0.07442755863,negative,true
larceny_assignment_female,HF_larceny_female_lrr_comparative,Lasso&Naranjo_2003,43,-0.2273216749,-0.3827093722,-0.07193397765,negative,true
larceny_assignment_female,HF_larceny_female_lrr_comparative,MacDade&Weeks2004,43,-0.2340536332,-0.3878432668,-0.08026399962,negative,true
larceny_assignment_female,HF_larceny_female_lrr_comparative,Mackinetal_2021,43,-0.2219926543,-0.3829900833,-0.06099522522,negative,true
larceny_assignment_female,HF_larceny_female_lrr_comparative,Mallof_2001,43,-0.2360852182,-0.3897635421,-0.08240689441,negative,true
larceny_assignment_female,HF_larceny_female_lrr_comparative,Mayeretal_2014,43,-0.2323212004,-0.3865950146,-0.07804738613,negative,true
larceny_assignment_female,HF_larceny_female_lrr_comparative,McDonald&Caruso2019,43,-0.2326348317,-0.3868326509,-0.07843701242,negative,true
larceny_assignment_female,HF_larceny_female_lrr_comparative,Morris_1996,43,-0.2342760471,-0.387929658,-0.08062243629,negative,true
larceny_assignment_female,HF_larceny_female_lrr_comparative,Pelayoetal2011,43,-0.2464895938,-0.3998406303,-0.09313855737,negative,true
larceny_assignment_female,HF_larceny_female_lrr_comparative,Quinalhaetal2017,43,-0.2245888902,-0.3766062712,-0.07257150924,negative,true
larceny_assignment_female,HF_larceny_female_lrr_comparative,Richardson_2004,43,-0.2235957433,-0.3756909121,-0.07150057445,negative,true
larceny_assignment_female,HF_larceny_female_lrr_comparative,Richmanetal_2018,43,-0.220808834,-0.3746550695,-0.06696259852,negative,true
larceny_assignment_female,HF_larceny_female_lrr_comparative,Rojas-Nossaetal2016,43,-0.1966973587,-0.3166481025,-0.07674661497,negative,true
larceny_assignment_female,HF_larceny_female_lrr_comparative,Santosetal2020,43,-0.233184194,-0.3869481895,-0.07942019838,negative,true
larceny_assignment_female,HF_larceny_female_lrr_comparative,Tameles&Pan_2022,43,-0.231573143,-0.3851093965,-0.07803688949,negative,true
larceny_assignment_female,HF_larceny_female_lrr_comparative,Travesetetal1998,43,-0.2273407737,-0.3817038199,-0.07297772755,negative,true
larceny_assignment_female,HF_larceny_female_lrr_comparative,Utelli&Roy2001,43,-0.2340074954,-0.3877515536,-0.08026343721,negative,true
larceny_assignment_female,HF_larceny_female_lrr_comparative,Valdivia&Gonzalez-Gomes_2006,43,-0.2254070164,-0.3789840792,-0.07182995355,negative,true
larceny_assignment_female,HF_larceny_female_lrr_comparative,Varma&Sinu2019,43,-0.2317129704,-0.3849175479,-0.07850839288,negative,true
larceny_assignment_female,HF_larceny_female_lrr_comparative,Varmaetal2020,43,-0.2319800041,-0.3860298606,-0.07793014772,negative,true
larceny_assignment_female,HF_larceny_female_lrr_comparative,Zhangetal2009a,43,-0.2306204293,-0.3844549544,-0.07678590419,negative,true
larceny_assignment_female,HF_larceny_female_lrr_comparative,Zhangetal2011,43,-0.2305910332,-0.3844918311,-0.07669023539,negative,true
larceny_assignment_female,HF_larceny_female_lrr_comparative,Zhangetal_2010a,43,-0.2275272545,-0.3804381396,-0.07461636949,negative,true
larceny_assignment_female,HF_larceny_female_lrr_comparative,Zhangetal_2014,43,-0.2249312022,-0.3789191809,-0.0709432236,negative,true
larceny_players_female,HF_larceny_female_lrr_comparative,Andaloetal2019,36,-0.1707612713,-0.3400633615,-0.001459181068,negative,true
larceny_players_female,HF_larceny_female_lrr_comparative,Arizmendieetal1996,36,-0.1470167472,-0.3162984733,0.0222649789,negative,true
larceny_players_female,HF_larceny_female_lrr_comparative,Brodyetal2008,36,-0.161894989,-0.3329574169,0.009167438928,negative,true
larceny_players_female,HF_larceny_female_lrr_comparative,Burkleetal_2007,36,-0.1673947383,-0.3396401176,0.004850640986,negative,true
larceny_players_female,HF_larceny_female_lrr_comparative,Carrio&Guemes2019,36,-0.1737360014,-0.3436239856,-0.003848017295,negative,true
larceny_players_female,HF_larceny_female_lrr_comparative,Castroetal_2008,36,-0.1717489126,-0.3438076484,0.0003098230882,negative,true
larceny_players_female,HF_larceny_female_lrr_comparative,Dedej&Delaplane_2005,36,-0.1665632005,-0.3367698944,0.00364349343,negative,true
larceny_players_female,HF_larceny_female_lrr_comparative,Ferreiraetal2020,36,-0.1604795172,-0.3303132466,0.009354212276,negative,true
larceny_players_female,HF_larceny_female_lrr_comparative,Gallen&Butchart2003,36,-0.178141845,-0.3473511354,-0.008932554532,negative,true
larceny_players_female,HF_larceny_female_lrr_comparative,Gelvez-Zuningaetal2016,36,-0.1839244389,-0.352973121,-0.01487575669,negative,true
larceny_players_female,HF_larceny_female_lrr_comparative,Hazlehurst&Karubian_2016,36,-0.1737321196,-0.3431523113,-0.004311927928,negative,true
larceny_players_female,HF_larceny_female_lrr_comparative,Heillingetal_2018,36,-0.1727274916,-0.3429004481,-0.00255453516,negative,true
larceny_players_female,HF_larceny_female_lrr_comparative,Higashietal,36,-0.1444749355,-0.3142406469,0.02529077597,negative,true
larceny_players_female,HF_larceny_female_lrr_comparative,Irwin&Brody1999,36,-0.1695549861,-0.3420847151,0.002974742902,negative,true
larceny_players_female,HF_larceny_female_lrr_comparative,Irwin&Brody2000,36,-0.1958049167,-0.3556868333,-0.03592300016,negative,true
larceny_players_female,HF_larceny_female_lrr_comparative,Irwinetal2015,36,-0.1512837174,-0.3333298706,0.0307624357,negative,true
larceny_players_female,HF_larceny_female_lrr_comparative,Irwinetal_2008,36,-0.1529903527,-0.3264631834,0.02048247793,negative,true
larceny_players_female,HF_larceny_female_lrr_comparative,Lara&Ornelas_2001,36,-0.1692377529,-0.3418649527,0.003389446915,negative,true
larceny_players_female,HF_larceny_female_lrr_comparative,Lasso&Naranjo_2003,36,-0.165892124,-0.3376218842,0.005837636148,negative,true
larceny_players_female,HF_larceny_female_lrr_comparative,Mallof_2001,36,-0.1765801455,-0.346250856,-0.00690943495,negative,true
larceny_players_female,HF_larceny_female_lrr_comparative,Mayeretal_2014,36,-0.171974155,-0.3426563811,-0.001291928841,negative,true
larceny_players_female,HF_larceny_female_lrr_comparative,McDonald&Caruso2019,36,-0.1723576685,-0.3430732942,-0.001642042798,negative,true
larceny_players_female,HF_larceny_female_lrr_comparative,Morris_1996,36,-0.1745466317,-0.3441641737,-0.004929089679,negative,true
larceny_players_female,HF_larceny_female_lrr_comparative,Pelayoetal2011,36,-0.1890097395,-0.3582808708,-0.01973860816,negative,true
larceny_players_female,HF_larceny_female_lrr_comparative,Quinalhaetal2017,36,-0.1646408355,-0.3321468511,0.002865180065,negative,true
larceny_players_female,HF_larceny_female_lrr_comparative,Richardson_2004,36,-0.1633742343,-0.3309832516,0.004234783036,negative,true
larceny_players_female,HF_larceny_female_lrr_comparative,Richmanetal_2018,36,-0.1587552396,-0.3285807481,0.01107026897,negative,true
larceny_players_female,HF_larceny_female_lrr_comparative,Rojas-Nossaetal2016,36,-0.1409693111,-0.2675258539,-0.01441276822,negative,true
larceny_players_female,HF_larceny_female_lrr_comparative,Santosetal2020,36,-0.173175945,-0.3429372323,-0.003414657673,negative,true
larceny_players_female,HF_larceny_female_lrr_comparative,Tameles&Pan_2022,36,-0.1715290778,-0.3409892867,-0.002068868995,negative,true
larceny_players_female,HF_larceny_female_lrr_comparative,Travesetetal1998,36,-0.1661689474,-0.3366423469,0.00430445202,negative,true
larceny_players_female,HF_larceny_female_lrr_comparative,Utelli&Roy2001,36,-0.1741381037,-0.3438798598,-0.004396347614,negative,true
larceny_players_female,HF_larceny_female_lrr_comparative,Valdivia&Gonzalez-Gomes_2006,36,-0.1642959826,-0.3337988272,0.00520686201,negative,true
larceny_players_female,HF_larceny_female_lrr_comparative,Varmaetal2020,36,-0.1716375541,-0.3418251441,-0.001449964083,negative,true
larceny_players_female,HF_larceny_female_lrr_comparative,Zhangetal2009a,36,-0.1701671238,-0.3400037104,-0.0003305371484,negative,true
larceny_players_female,HF_larceny_female_lrr_comparative,Zhangetal_2010a,36,-0.1673614331,-0.3360288618,0.001305995741,negative,true
larceny_players_female,HF_larceny_female_lrr_comparative,Zhangetal_2014,36,-0.1634892806,-0.333491346,0.006512784867,negative,true
larceny_type_visitation,HP_larceny_visitation_lrr_comparative,Caballeroetal_2013,20,-0.2609821021,-0.5037883219,-0.01817588235,negative,true
larceny_type_visitation,HP_larceny_visitation_lrr_comparative,Cuevas&Guerrero_2016,20,-0.3100785377,-0.5494933867,-0.07066368871,negative,true
larceny_type_visitation,HP_larceny_visitation_lrr_comparative,Dengetal_2015,20,-0.2453658106,-0.4858846319,-0.004846989231,negative,true
larceny_type_visitation,HP_larceny_visitation_lrr_comparative,Fumero-Caban&Melendez-Ackerman_2013,20,-0.2028021986,-0.4151993286,0.009594931505,negative,true
larceny_type_visitation,HP_larceny_visitation_lrr_comparative,Hazlehurst&Karubian_2016,20,-0.2675789126,-0.5046773986,-0.03048042671,negative,true
larceny_type_visitation,HP_larceny_visitation_lrr_comparative,Heillingetal_2018,20,-0.2507152368,-0.4897820143,-0.01164845917,negative,true
larceny_type_visitation,HP_larceny_visitation_lrr_comparative,Irwin&Brody2000,20,-0.2767894712,-0.5698629276,0.01628398525,negative,true
larceny_type_visitation,HP_larceny_visitation_lrr_comparative,Lara&Ornelas_2001,20,-0.2523442568,-0.5082954318,0.003606918272,negative,true
larceny_type_visitation,HP_larceny_visitation_lrr_comparative,Lietal_2021,20,-0.2121565903,-0.4500084956,0.02569531507,negative,true
larceny_type_visitation,HP_larceny_visitation_lrr_comparative,Mackinetal_2021,20,-0.277357661,-0.5229536804,-0.03176164163,negative,true
larceny_type_visitation,HP_larceny_visitation_lrr_comparative,Mallof_2001,20,-0.291393483,-0.551417598,-0.03136936807,negative,true
larceny_type_visitation,HP_larceny_visitation_lrr_comparative,Mayeretal_2014,20,-0.2650966434,-0.5045626374,-0.02563064938,negative,true
larceny_type_visitation,HP_larceny_visitation_lrr_comparative,Milet-Pinheiro&Schlindwein_2009,20,-0.2154507648,-0.4473268858,0.01642535615,negative,true
larceny_type_visitation,HP_larceny_visitation_lrr_comparative,Missagia&Alves2017,20,-0.225108358,-0.4624364025,0.01221968645,negative,true
larceny_type_visitation,HP_larceny_visitation_lrr_comparative,Richmanetal_2018,20,-0.2501135596,-0.4919303963,-0.008296722781,negative,true
larceny_type_visitation,HP_larceny_visitation_lrr_comparative,Singhetal_2014,20,-0.2421062287,-0.484599255,0.0003867975451,negative,true
larceny_type_visitation,HP_larceny_visitation_lrr_comparative,Takedaetal_2021,20,-0.2716474772,-0.5134205877,-0.02987436671,negative,true
larceny_type_visitation,HP_larceny_visitation_lrr_comparative,Yeetal_2017,20,-0.2807319138,-0.5214931347,-0.03997069298,negative,true
larceny_type_visitation,HP_larceny_visitation_lrr_comparative,Zhangetal_2009b,20,-0.2604555584,-0.502627108,-0.01828400888,negative,true
larceny_type_visitation,HP_larceny_visitation_lrr_comparative,Zhangetal_2010a,20,-0.1885576502,-0.419849943,0.04273464274,negative,true
larceny_type_visitation,HP_larceny_visitation_lrr_comparative,Zimmerman&Cook_1985,20,-0.2464460153,-0.4898452183,-0.003046812211,negative,true
larceny_type_nectar,HR_larceny_nectar_lrr_comparative,Arizmendieetal1996,27,-0.5114167412,-0.793788609,-0.2290448734,negative,true
larceny_type_nectar,HR_larceny_nectar_lrr_comparative,Caballeroetal_2013,27,-0.5073201375,-0.8057521172,-0.2088881579,negative,true
larceny_type_nectar,HR_larceny_nectar_lrr_comparative,Castroetal_2008,27,-0.5178606091,-0.7970024123,-0.2387188059,negative,true
larceny_type_nectar,HR_larceny_nectar_lrr_comparative,Colwell_1995,27,-0.4820637332,-0.7612858754,-0.2028415909,negative,true
larceny_type_nectar,HR_larceny_nectar_lrr_comparative,Cruzetal_2007,27,-0.4921860148,-0.7710044954,-0.2133675342,negative,true
larceny_type_nectar,HR_larceny_nectar_lrr_comparative,Cuevas&Guerrero_2016,27,-0.4185371814,-0.6799174707,-0.1571568922,negative,true
larceny_type_nectar,HR_larceny_nectar_lrr_comparative,Dedej&Delaplane_2005,27,-0.4584624063,-0.7366565665,-0.1802682461,negative,true
larceny_type_nectar,HR_larceny_nectar_lrr_comparative,Dohzonoetal_2008,27,-0.4801583652,-0.7544854231,-0.2058313073,negative,true
larceny_type_nectar,HR_larceny_nectar_lrr_comparative,Fumero-Caban&Melendez-Ackerman_2013,27,-0.5070816546,-0.7900616592,-0.22410165,negative,true
larceny_type_nectar,HR_larceny_nectar_lrr_comparative,Gonzalez-Gomez&Valdivia_2005,27,-0.4356866725,-0.7128346845,-0.1585386604,negative,true
larceny_type_nectar,HR_larceny_nectar_lrr_comparative,Goulsonetal_2007,27,-0.4812443198,-0.7606487017,-0.2018399379,negative,true
larceny_type_nectar,HR_larceny_nectar_lrr_comparative,Guerraetal_2010,27,-0.4912720973,-0.770985516,-0.2115586785,negative,true
larceny_type_nectar,HR_larceny_nectar_lrr_comparative,Hazlehurst&Karubian_2016,27,-0.5265864854,-0.8550988736,-0.1980740973,negative,true
larceny_type_nectar,HR_larceny_nectar_lrr_comparative,Irwinetal_2008,27,-0.5139564988,-0.7941371924,-0.2337758053,negative,true
larceny_type_nectar,HR_larceny_nectar_lrr_comparative,Kaczorowskietal_2014,27,-0.5448982376,-0.7815257914,-0.3082706839,negative,true
larceny_type_nectar,HR_larceny_nectar_lrr_comparative,Lara&Ornelas_2001,27,-0.4803452048,-0.7688963261,-0.1917940835,negative,true
larceny_type_nectar,HR_larceny_nectar_lrr_comparative,Lasso&Naranjo_2003,27,-0.5117292442,-0.7997797401,-0.2236787484,negative,true
larceny_type_nectar,HR_larceny_nectar_lrr_comparative,Mallof_2001,27,-0.4492746891,-0.7268972257,-0.1716521525,negative,true
larceny_type_nectar,HR_larceny_nectar_lrr_comparative,Missagia&Alves2017,27,-0.4786307445,-0.759145297,-0.198116192,negative,true
larceny_type_nectar,HR_larceny_nectar_lrr_comparative,Morris_1996,27,-0.4750175994,-0.7491755036,-0.2008596952,negative,true
larceny_type_nectar,HR_larceny_nectar_lrr_comparative,Pollato&Alves-Junior_2022,27,-0.4307287459,-0.6964397925,-0.1650176992,negative,true
larceny_type_nectar,HR_larceny_nectar_lrr_comparative,Richardson_2004,27,-0.4910605105,-0.7678004595,-0.2143205615,negative,true
larceny_type_nectar,HR_larceny_nectar_lrr_comparative,Saezetal_2017,27,-0.4576232887,-0.7341294872,-0.1811170902,negative,true
larceny_type_nectar,HR_larceny_nectar_lrr_comparative,Singhetal_2014,27,-0.4685676216,-0.7462177342,-0.190917509,negative,true
larceny_type_nectar,HR_larceny_nectar_lrr_comparative,Tameles&Pan_2022,27,-0.4554563634,-0.7337292245,-0.1771835023,negative,true
larceny_type_nectar,HR_larceny_nectar_lrr_comparative,Yeetal_2017,27,-0.4960712012,-0.7780966768,-0.2140457257,negative,true
larceny_type_nectar,HR_larceny_nectar_lrr_comparative,Zhangetal_2009b,27,-0.5070020676,-0.7852841668,-0.2287199684,negative,true
larceny_type_nectar,HR_larceny_nectar_lrr_comparative,Zhangetal_2010a,27,-0.4719922322,-0.7478046383,-0.1961798261,negative,true
