system,defence_axis,selectivity_dimension,antagonist_state,pollinator_state,switching_evidence,replication_role,inference_status
Catalpa_speciosa,nectar_iridoid_glycosides,consumer_identity,strong_thief_suppression,legitimate_consumption_near_null,same_dose_different_consumer_roles,selective_window_anchor,quantitative_matched
Pedicularis_rex,water_filled_bract,attack_mode,seed_predation_strongly_reduced_but_robbing_null,pollinator_visitation_null,same_barrier_different_attack_routes,selective_window_anchor,quantitative_matched
Thunia_alba,spur_enclosing_bract,functional_mode,robbery_strongly_reduced,arrival_near_null_but_legitimate_pollination_increased,same_visitor_role_routing,selective_window_anchor,quantitative_matched
Polemonium_viscosum,2PE,dose,ant_deterrence_across_defensive_expression,moderate_null_high_negative,moderate_to_high_expression_switch,window_closure_replication,directional_with_explicit_dose_switch
Asclepias_spp,nectar_cardenolides,exposure_duration_and_response_stage,oviposition_reduced_flower_foraging_null,single_bout_null_extended_colony_deterrence,short_to_long_exposure_switch,window_closure_replication,primary_source_verified_direction
Nicotiana_attenuata,nectar_repellents,response_stage,ant_visitation_reduced,visit_number_increased_but_handling_and_consumption_reduced,arrival_vs_handling_sign_switch,response_stage_replication,primary_source_verified_quantitative_context
Gelsemium_sempervirens,gelsemine,dose_and_consumer_species,robber_probing_and_time_reduced,most_pollinators_reduced_at_high_treatment_lower_treatment_mixed,high_vs_lower_expression_and_species_switch,nonselective_counterstate,primary_source_verified_plus_one_LRR_route
Aconitum_lycoctonum,nectar_alkaloids,consumer_threshold,robber_consumption_reduced_at_low_checkpoint,pollinator_visitation_declines_at_higher_natural_concentrations,separated_susceptibility_thresholds,window_threshold_replication,paired_numeric_in_incompatible_metrics
Lupinus_argenteus,pollen_alkaloids,guild_tolerance,pollen_thieves_not_reduced_pollinator_effects_stage_dependent,pollinator_visits_up_duration_down_total_flowers_near_null,defence_like_chemistry_without_effective_focal_antagonist_suppression,falsification_context,not_promoted_to_focal_D_route
