parameter,channel,scenario_id,form_id,grid_points,prior_low,prior_high,prior_sensitive_points,prior_sensitive_fraction,relative_half_width,settled_points,settled_fraction,value_of_information
attraction_tracking,antagonist_relief_rho,low_tracking_low_obstruction_low_shared_cost,baseline,162,0,3,162,1.000000,0.1,138,0.851852,0.851852
attraction_tracking,antagonist_relief_rho,low_tracking_low_obstruction_low_shared_cost,baseline,162,0,3,162,1.000000,0.25,120,0.740741,0.740741
attraction_tracking,antagonist_relief_rho,low_tracking_low_obstruction_low_shared_cost,baseline,162,0,3,162,1.000000,0.5,90,0.555556,0.555556
attraction_tracking,antagonist_relief_rho,low_tracking_low_obstruction_low_shared_cost,baseline,162,0,3,162,1.000000,1,18,0.111111,0.111111
floral_defence_efficacy,antagonist_relief_rho,low_tracking_low_obstruction_low_shared_cost,baseline,162,0,1,144,0.888889,0.1,138,0.851852,0.740741
floral_defence_efficacy,antagonist_relief_rho,low_tracking_low_obstruction_low_shared_cost,baseline,162,0,1,144,0.888889,0.25,120,0.740741,0.629630
floral_defence_efficacy,antagonist_relief_rho,low_tracking_low_obstruction_low_shared_cost,baseline,162,0,1,144,0.888889,0.5,90,0.555556,0.444444
floral_defence_efficacy,antagonist_relief_rho,low_tracking_low_obstruction_low_shared_cost,baseline,162,0,1,144,0.888889,1,18,0.111111,0.000000
defence_pollinator_cost,mutualist_interference_iota,low_tracking_low_obstruction_low_shared_cost,baseline,162,0,3,138,0.851852,0.1,147,0.907407,0.759259
defence_pollinator_cost,mutualist_interference_iota,low_tracking_low_obstruction_low_shared_cost,baseline,162,0,3,138,0.851852,0.25,129,0.796296,0.648148
defence_pollinator_cost,mutualist_interference_iota,low_tracking_low_obstruction_low_shared_cost,baseline,162,0,3,138,0.851852,0.5,123,0.759259,0.611111
defence_pollinator_cost,mutualist_interference_iota,low_tracking_low_obstruction_low_shared_cost,baseline,162,0,3,138,0.851852,1,60,0.370370,0.222222
attraction_gain,mutualist_interference_iota,low_tracking_low_obstruction_low_shared_cost,baseline,162,0,3,144,0.888889,0.1,147,0.907407,0.796296
attraction_gain,mutualist_interference_iota,low_tracking_low_obstruction_low_shared_cost,baseline,162,0,3,144,0.888889,0.25,129,0.796296,0.685185
attraction_gain,mutualist_interference_iota,low_tracking_low_obstruction_low_shared_cost,baseline,162,0,3,144,0.888889,0.5,117,0.722222,0.611111
attraction_gain,mutualist_interference_iota,low_tracking_low_obstruction_low_shared_cost,baseline,162,0,3,144,0.888889,1,54,0.333333,0.222222
attraction_defence_shared_cost,direct_joint_cost_kappa,low_tracking_low_obstruction_low_shared_cost,baseline,162,0,1,126,0.777778,0.1,153,0.944444,0.722222
attraction_defence_shared_cost,direct_joint_cost_kappa,low_tracking_low_obstruction_low_shared_cost,baseline,162,0,1,126,0.777778,0.25,129,0.796296,0.574074
attraction_defence_shared_cost,direct_joint_cost_kappa,low_tracking_low_obstruction_low_shared_cost,baseline,162,0,1,126,0.777778,0.5,126,0.777778,0.555556
attraction_defence_shared_cost,direct_joint_cost_kappa,low_tracking_low_obstruction_low_shared_cost,baseline,162,0,1,126,0.777778,1,123,0.759259,0.537037
attraction_tracking,antagonist_relief_rho,low_tracking_low_obstruction_low_shared_cost,saturating_attraction,162,0,3,162,1.000000,0.1,143,0.882716,0.882716
attraction_tracking,antagonist_relief_rho,low_tracking_low_obstruction_low_shared_cost,saturating_attraction,162,0,3,162,1.000000,0.25,129,0.796296,0.796296
attraction_tracking,antagonist_relief_rho,low_tracking_low_obstruction_low_shared_cost,saturating_attraction,162,0,3,162,1.000000,0.5,79,0.487654,0.487654
attraction_tracking,antagonist_relief_rho,low_tracking_low_obstruction_low_shared_cost,saturating_attraction,162,0,3,162,1.000000,1,18,0.111111,0.111111
floral_defence_efficacy,antagonist_relief_rho,low_tracking_low_obstruction_low_shared_cost,saturating_attraction,162,0,1,144,0.888889,0.1,143,0.882716,0.771605
floral_defence_efficacy,antagonist_relief_rho,low_tracking_low_obstruction_low_shared_cost,saturating_attraction,162,0,1,144,0.888889,0.25,129,0.796296,0.685185
floral_defence_efficacy,antagonist_relief_rho,low_tracking_low_obstruction_low_shared_cost,saturating_attraction,162,0,1,144,0.888889,0.5,79,0.487654,0.376543
floral_defence_efficacy,antagonist_relief_rho,low_tracking_low_obstruction_low_shared_cost,saturating_attraction,162,0,1,144,0.888889,1,18,0.111111,0.000000
defence_pollinator_cost,mutualist_interference_iota,low_tracking_low_obstruction_low_shared_cost,saturating_attraction,162,0,3,129,0.796296,0.1,153,0.944444,0.740741
defence_pollinator_cost,mutualist_interference_iota,low_tracking_low_obstruction_low_shared_cost,saturating_attraction,162,0,3,129,0.796296,0.25,141,0.870370,0.666667
defence_pollinator_cost,mutualist_interference_iota,low_tracking_low_obstruction_low_shared_cost,saturating_attraction,162,0,3,129,0.796296,0.5,117,0.722222,0.518519
defence_pollinator_cost,mutualist_interference_iota,low_tracking_low_obstruction_low_shared_cost,saturating_attraction,162,0,3,129,0.796296,1,70,0.432099,0.228395
attraction_gain,mutualist_interference_iota,low_tracking_low_obstruction_low_shared_cost,saturating_attraction,162,0,3,130,0.802469,0.1,153,0.944444,0.746914
attraction_gain,mutualist_interference_iota,low_tracking_low_obstruction_low_shared_cost,saturating_attraction,162,0,3,130,0.802469,0.25,139,0.858025,0.660494
attraction_gain,mutualist_interference_iota,low_tracking_low_obstruction_low_shared_cost,saturating_attraction,162,0,3,130,0.802469,0.5,114,0.703704,0.506173
attraction_gain,mutualist_interference_iota,low_tracking_low_obstruction_low_shared_cost,saturating_attraction,162,0,3,130,0.802469,1,65,0.401235,0.203704
attraction_defence_shared_cost,direct_joint_cost_kappa,low_tracking_low_obstruction_low_shared_cost,saturating_attraction,162,0,1,126,0.777778,0.1,155,0.956790,0.734568
attraction_defence_shared_cost,direct_joint_cost_kappa,low_tracking_low_obstruction_low_shared_cost,saturating_attraction,162,0,1,126,0.777778,0.25,144,0.888889,0.666667
attraction_defence_shared_cost,direct_joint_cost_kappa,low_tracking_low_obstruction_low_shared_cost,saturating_attraction,162,0,1,126,0.777778,0.5,135,0.833333,0.611111
attraction_defence_shared_cost,direct_joint_cost_kappa,low_tracking_low_obstruction_low_shared_cost,saturating_attraction,162,0,1,126,0.777778,1,122,0.753086,0.530864
attraction_tracking,antagonist_relief_rho,low_tracking_low_obstruction_low_shared_cost,saturating_defence,162,0,3,156,0.962963,0.1,156,0.962963,0.925926
attraction_tracking,antagonist_relief_rho,low_tracking_low_obstruction_low_shared_cost,saturating_defence,162,0,3,156,0.962963,0.25,132,0.814815,0.777778
attraction_tracking,antagonist_relief_rho,low_tracking_low_obstruction_low_shared_cost,saturating_defence,162,0,3,156,0.962963,0.5,102,0.629630,0.592593
attraction_tracking,antagonist_relief_rho,low_tracking_low_obstruction_low_shared_cost,saturating_defence,162,0,3,156,0.962963,1,39,0.240741,0.203704
floral_defence_efficacy,antagonist_relief_rho,low_tracking_low_obstruction_low_shared_cost,saturating_defence,162,0,1,123,0.759259,0.1,156,0.962963,0.722222
floral_defence_efficacy,antagonist_relief_rho,low_tracking_low_obstruction_low_shared_cost,saturating_defence,162,0,1,123,0.759259,0.25,132,0.814815,0.574074
floral_defence_efficacy,antagonist_relief_rho,low_tracking_low_obstruction_low_shared_cost,saturating_defence,162,0,1,123,0.759259,0.5,102,0.629630,0.388889
floral_defence_efficacy,antagonist_relief_rho,low_tracking_low_obstruction_low_shared_cost,saturating_defence,162,0,1,123,0.759259,1,39,0.240741,0.000000
defence_pollinator_cost,mutualist_interference_iota,low_tracking_low_obstruction_low_shared_cost,saturating_defence,162,0,3,135,0.833333,0.1,156,0.962963,0.796296
defence_pollinator_cost,mutualist_interference_iota,low_tracking_low_obstruction_low_shared_cost,saturating_defence,162,0,3,135,0.833333,0.25,150,0.925926,0.759259
defence_pollinator_cost,mutualist_interference_iota,low_tracking_low_obstruction_low_shared_cost,saturating_defence,162,0,3,135,0.833333,0.5,129,0.796296,0.629630
defence_pollinator_cost,mutualist_interference_iota,low_tracking_low_obstruction_low_shared_cost,saturating_defence,162,0,3,135,0.833333,1,66,0.407407,0.240741
attraction_gain,mutualist_interference_iota,low_tracking_low_obstruction_low_shared_cost,saturating_defence,162,0,3,129,0.796296,0.1,156,0.962963,0.759259
attraction_gain,mutualist_interference_iota,low_tracking_low_obstruction_low_shared_cost,saturating_defence,162,0,3,129,0.796296,0.25,147,0.907407,0.703704
attraction_gain,mutualist_interference_iota,low_tracking_low_obstruction_low_shared_cost,saturating_defence,162,0,3,129,0.796296,0.5,126,0.777778,0.574074
attraction_gain,mutualist_interference_iota,low_tracking_low_obstruction_low_shared_cost,saturating_defence,162,0,3,129,0.796296,1,60,0.370370,0.166667
attraction_defence_shared_cost,direct_joint_cost_kappa,low_tracking_low_obstruction_low_shared_cost,saturating_defence,162,0,1,102,0.629630,0.1,159,0.981481,0.611111
attraction_defence_shared_cost,direct_joint_cost_kappa,low_tracking_low_obstruction_low_shared_cost,saturating_defence,162,0,1,102,0.629630,0.25,156,0.962963,0.592593
attraction_defence_shared_cost,direct_joint_cost_kappa,low_tracking_low_obstruction_low_shared_cost,saturating_defence,162,0,1,102,0.629630,0.5,144,0.888889,0.518519
attraction_defence_shared_cost,direct_joint_cost_kappa,low_tracking_low_obstruction_low_shared_cost,saturating_defence,162,0,1,102,0.629630,1,108,0.666667,0.296296
attraction_tracking,antagonist_relief_rho,low_tracking_low_obstruction_low_shared_cost,saturating_both_curved_cost,162,0,3,156,0.962963,0.1,154,0.950617,0.913580
attraction_tracking,antagonist_relief_rho,low_tracking_low_obstruction_low_shared_cost,saturating_both_curved_cost,162,0,3,156,0.962963,0.25,132,0.814815,0.777778
attraction_tracking,antagonist_relief_rho,low_tracking_low_obstruction_low_shared_cost,saturating_both_curved_cost,162,0,3,156,0.962963,0.5,93,0.574074,0.537037
attraction_tracking,antagonist_relief_rho,low_tracking_low_obstruction_low_shared_cost,saturating_both_curved_cost,162,0,3,156,0.962963,1,43,0.265432,0.228395
floral_defence_efficacy,antagonist_relief_rho,low_tracking_low_obstruction_low_shared_cost,saturating_both_curved_cost,162,0,1,119,0.734568,0.1,154,0.950617,0.685185
floral_defence_efficacy,antagonist_relief_rho,low_tracking_low_obstruction_low_shared_cost,saturating_both_curved_cost,162,0,1,119,0.734568,0.25,132,0.814815,0.549383
floral_defence_efficacy,antagonist_relief_rho,low_tracking_low_obstruction_low_shared_cost,saturating_both_curved_cost,162,0,1,119,0.734568,0.5,93,0.574074,0.308642
floral_defence_efficacy,antagonist_relief_rho,low_tracking_low_obstruction_low_shared_cost,saturating_both_curved_cost,162,0,1,119,0.734568,1,43,0.265432,0.000000
defence_pollinator_cost,mutualist_interference_iota,low_tracking_low_obstruction_low_shared_cost,saturating_both_curved_cost,162,0,3,128,0.790123,0.1,158,0.975309,0.765432
defence_pollinator_cost,mutualist_interference_iota,low_tracking_low_obstruction_low_shared_cost,saturating_both_curved_cost,162,0,3,128,0.790123,0.25,146,0.901235,0.691358
defence_pollinator_cost,mutualist_interference_iota,low_tracking_low_obstruction_low_shared_cost,saturating_both_curved_cost,162,0,3,128,0.790123,0.5,128,0.790123,0.580247
defence_pollinator_cost,mutualist_interference_iota,low_tracking_low_obstruction_low_shared_cost,saturating_both_curved_cost,162,0,3,128,0.790123,1,75,0.462963,0.253086
attraction_gain,mutualist_interference_iota,low_tracking_low_obstruction_low_shared_cost,saturating_both_curved_cost,162,0,3,117,0.722222,0.1,158,0.975309,0.697531
attraction_gain,mutualist_interference_iota,low_tracking_low_obstruction_low_shared_cost,saturating_both_curved_cost,162,0,3,117,0.722222,0.25,143,0.882716,0.604938
attraction_gain,mutualist_interference_iota,low_tracking_low_obstruction_low_shared_cost,saturating_both_curved_cost,162,0,3,117,0.722222,0.5,125,0.771605,0.493827
attraction_gain,mutualist_interference_iota,low_tracking_low_obstruction_low_shared_cost,saturating_both_curved_cost,162,0,3,117,0.722222,1,70,0.432099,0.154321
attraction_defence_shared_cost,direct_joint_cost_kappa,low_tracking_low_obstruction_low_shared_cost,saturating_both_curved_cost,162,0,1,102,0.629630,0.1,161,0.993827,0.623457
attraction_defence_shared_cost,direct_joint_cost_kappa,low_tracking_low_obstruction_low_shared_cost,saturating_both_curved_cost,162,0,1,102,0.629630,0.25,153,0.944444,0.574074
attraction_defence_shared_cost,direct_joint_cost_kappa,low_tracking_low_obstruction_low_shared_cost,saturating_both_curved_cost,162,0,1,102,0.629630,0.5,137,0.845679,0.475309
attraction_defence_shared_cost,direct_joint_cost_kappa,low_tracking_low_obstruction_low_shared_cost,saturating_both_curved_cost,162,0,1,102,0.629630,1,114,0.703704,0.333333
attraction_tracking,antagonist_relief_rho,baseline,baseline,162,0,3,156,0.962963,0.1,144,0.888889,0.851852
attraction_tracking,antagonist_relief_rho,baseline,baseline,162,0,3,156,0.962963,0.25,117,0.722222,0.685185
attraction_tracking,antagonist_relief_rho,baseline,baseline,162,0,3,156,0.962963,0.5,84,0.518519,0.481481
attraction_tracking,antagonist_relief_rho,baseline,baseline,162,0,3,156,0.962963,1,24,0.148148,0.111111
floral_defence_efficacy,antagonist_relief_rho,baseline,baseline,162,0,1,126,0.777778,0.1,144,0.888889,0.666667
floral_defence_efficacy,antagonist_relief_rho,baseline,baseline,162,0,1,126,0.777778,0.25,117,0.722222,0.500000
floral_defence_efficacy,antagonist_relief_rho,baseline,baseline,162,0,1,126,0.777778,0.5,84,0.518519,0.296296
floral_defence_efficacy,antagonist_relief_rho,baseline,baseline,162,0,1,126,0.777778,1,36,0.222222,0.000000
defence_pollinator_cost,mutualist_interference_iota,baseline,baseline,162,0,3,108,0.666667,0.1,156,0.962963,0.629630
defence_pollinator_cost,mutualist_interference_iota,baseline,baseline,162,0,3,108,0.666667,0.25,138,0.851852,0.518519
defence_pollinator_cost,mutualist_interference_iota,baseline,baseline,162,0,3,108,0.666667,0.5,117,0.722222,0.388889
defence_pollinator_cost,mutualist_interference_iota,baseline,baseline,162,0,3,108,0.666667,1,72,0.444444,0.111111
attraction_gain,mutualist_interference_iota,baseline,baseline,162,0,3,114,0.703704,0.1,147,0.907407,0.611111
attraction_gain,mutualist_interference_iota,baseline,baseline,162,0,3,114,0.703704,0.25,132,0.814815,0.518519
attraction_gain,mutualist_interference_iota,baseline,baseline,162,0,3,114,0.703704,0.5,111,0.685185,0.388889
attraction_gain,mutualist_interference_iota,baseline,baseline,162,0,3,114,0.703704,1,54,0.333333,0.037037
attraction_defence_shared_cost,direct_joint_cost_kappa,baseline,baseline,162,0,1,126,0.777778,0.1,159,0.981481,0.759259
attraction_defence_shared_cost,direct_joint_cost_kappa,baseline,baseline,162,0,1,126,0.777778,0.25,144,0.888889,0.666667
attraction_defence_shared_cost,direct_joint_cost_kappa,baseline,baseline,162,0,1,126,0.777778,0.5,132,0.814815,0.592593
attraction_defence_shared_cost,direct_joint_cost_kappa,baseline,baseline,162,0,1,126,0.777778,1,117,0.722222,0.500000
attraction_tracking,antagonist_relief_rho,baseline,saturating_attraction,162,0,3,155,0.956790,0.1,144,0.888889,0.845679
attraction_tracking,antagonist_relief_rho,baseline,saturating_attraction,162,0,3,155,0.956790,0.25,125,0.771605,0.728395
attraction_tracking,antagonist_relief_rho,baseline,saturating_attraction,162,0,3,155,0.956790,0.5,81,0.500000,0.456790
attraction_tracking,antagonist_relief_rho,baseline,saturating_attraction,162,0,3,155,0.956790,1,20,0.123457,0.080247
floral_defence_efficacy,antagonist_relief_rho,baseline,saturating_attraction,162,0,1,122,0.753086,0.1,144,0.888889,0.641975
floral_defence_efficacy,antagonist_relief_rho,baseline,saturating_attraction,162,0,1,122,0.753086,0.25,125,0.771605,0.524691
floral_defence_efficacy,antagonist_relief_rho,baseline,saturating_attraction,162,0,1,122,0.753086,0.5,88,0.543210,0.296296
floral_defence_efficacy,antagonist_relief_rho,baseline,saturating_attraction,162,0,1,122,0.753086,1,40,0.246914,0.000000
defence_pollinator_cost,mutualist_interference_iota,baseline,saturating_attraction,162,0,3,105,0.648148,0.1,151,0.932099,0.580247
defence_pollinator_cost,mutualist_interference_iota,baseline,saturating_attraction,162,0,3,105,0.648148,0.25,144,0.888889,0.537037
defence_pollinator_cost,mutualist_interference_iota,baseline,saturating_attraction,162,0,3,105,0.648148,0.5,125,0.771605,0.419753
defence_pollinator_cost,mutualist_interference_iota,baseline,saturating_attraction,162,0,3,105,0.648148,1,77,0.475309,0.123457
attraction_gain,mutualist_interference_iota,baseline,saturating_attraction,162,0,3,110,0.679012,0.1,150,0.925926,0.604938
attraction_gain,mutualist_interference_iota,baseline,saturating_attraction,162,0,3,110,0.679012,0.25,138,0.851852,0.530864
attraction_gain,mutualist_interference_iota,baseline,saturating_attraction,162,0,3,110,0.679012,0.5,114,0.703704,0.382716
attraction_gain,mutualist_interference_iota,baseline,saturating_attraction,162,0,3,110,0.679012,1,64,0.395062,0.074074
attraction_defence_shared_cost,direct_joint_cost_kappa,baseline,saturating_attraction,162,0,1,128,0.790123,0.1,156,0.962963,0.753086
attraction_defence_shared_cost,direct_joint_cost_kappa,baseline,saturating_attraction,162,0,1,128,0.790123,0.25,144,0.888889,0.679012
attraction_defence_shared_cost,direct_joint_cost_kappa,baseline,saturating_attraction,162,0,1,128,0.790123,0.5,135,0.833333,0.623457
attraction_defence_shared_cost,direct_joint_cost_kappa,baseline,saturating_attraction,162,0,1,128,0.790123,1,117,0.722222,0.512346
attraction_tracking,antagonist_relief_rho,baseline,saturating_defence,162,0,3,132,0.814815,0.1,156,0.962963,0.777778
attraction_tracking,antagonist_relief_rho,baseline,saturating_defence,162,0,3,132,0.814815,0.25,129,0.796296,0.611111
attraction_tracking,antagonist_relief_rho,baseline,saturating_defence,162,0,3,132,0.814815,0.5,96,0.592593,0.407407
attraction_tracking,antagonist_relief_rho,baseline,saturating_defence,162,0,3,132,0.814815,1,36,0.222222,0.037037
floral_defence_efficacy,antagonist_relief_rho,baseline,saturating_defence,162,0,1,93,0.574074,0.1,156,0.962963,0.537037
floral_defence_efficacy,antagonist_relief_rho,baseline,saturating_defence,162,0,1,93,0.574074,0.25,129,0.796296,0.370370
floral_defence_efficacy,antagonist_relief_rho,baseline,saturating_defence,162,0,1,93,0.574074,0.5,99,0.611111,0.185185
floral_defence_efficacy,antagonist_relief_rho,baseline,saturating_defence,162,0,1,93,0.574074,1,69,0.425926,0.000000
defence_pollinator_cost,mutualist_interference_iota,baseline,saturating_defence,162,0,3,117,0.722222,0.1,156,0.962963,0.685185
defence_pollinator_cost,mutualist_interference_iota,baseline,saturating_defence,162,0,3,117,0.722222,0.25,153,0.944444,0.666667
defence_pollinator_cost,mutualist_interference_iota,baseline,saturating_defence,162,0,3,117,0.722222,0.5,129,0.796296,0.518519
defence_pollinator_cost,mutualist_interference_iota,baseline,saturating_defence,162,0,3,117,0.722222,1,69,0.425926,0.148148
attraction_gain,mutualist_interference_iota,baseline,saturating_defence,162,0,3,120,0.740741,0.1,156,0.962963,0.703704
attraction_gain,mutualist_interference_iota,baseline,saturating_defence,162,0,3,120,0.740741,0.25,147,0.907407,0.648148
attraction_gain,mutualist_interference_iota,baseline,saturating_defence,162,0,3,120,0.740741,0.5,123,0.759259,0.500000
attraction_gain,mutualist_interference_iota,baseline,saturating_defence,162,0,3,120,0.740741,1,57,0.351852,0.092593
attraction_defence_shared_cost,direct_joint_cost_kappa,baseline,saturating_defence,162,0,1,102,0.629630,0.1,159,0.981481,0.611111
attraction_defence_shared_cost,direct_joint_cost_kappa,baseline,saturating_defence,162,0,1,102,0.629630,0.25,153,0.944444,0.574074
attraction_defence_shared_cost,direct_joint_cost_kappa,baseline,saturating_defence,162,0,1,102,0.629630,0.5,141,0.870370,0.500000
attraction_defence_shared_cost,direct_joint_cost_kappa,baseline,saturating_defence,162,0,1,102,0.629630,1,108,0.666667,0.296296
attraction_tracking,antagonist_relief_rho,baseline,saturating_both_curved_cost,162,0,3,134,0.827160,0.1,150,0.925926,0.753086
attraction_tracking,antagonist_relief_rho,baseline,saturating_both_curved_cost,162,0,3,134,0.827160,0.25,131,0.808642,0.635802
attraction_tracking,antagonist_relief_rho,baseline,saturating_both_curved_cost,162,0,3,134,0.827160,0.5,93,0.574074,0.401235
attraction_tracking,antagonist_relief_rho,baseline,saturating_both_curved_cost,162,0,3,134,0.827160,1,43,0.265432,0.092593
floral_defence_efficacy,antagonist_relief_rho,baseline,saturating_both_curved_cost,162,0,1,91,0.561728,0.1,150,0.925926,0.487654
floral_defence_efficacy,antagonist_relief_rho,baseline,saturating_both_curved_cost,162,0,1,91,0.561728,0.25,131,0.808642,0.370370
floral_defence_efficacy,antagonist_relief_rho,baseline,saturating_both_curved_cost,162,0,1,91,0.561728,0.5,103,0.635802,0.197531
floral_defence_efficacy,antagonist_relief_rho,baseline,saturating_both_curved_cost,162,0,1,91,0.561728,1,71,0.438272,0.000000
defence_pollinator_cost,mutualist_interference_iota,baseline,saturating_both_curved_cost,162,0,3,105,0.648148,0.1,158,0.975309,0.623457
defence_pollinator_cost,mutualist_interference_iota,baseline,saturating_both_curved_cost,162,0,3,105,0.648148,0.25,148,0.913580,0.561728
defence_pollinator_cost,mutualist_interference_iota,baseline,saturating_both_curved_cost,162,0,3,105,0.648148,0.5,132,0.814815,0.462963
defence_pollinator_cost,mutualist_interference_iota,baseline,saturating_both_curved_cost,162,0,3,105,0.648148,1,76,0.469136,0.117284
attraction_gain,mutualist_interference_iota,baseline,saturating_both_curved_cost,162,0,3,102,0.629630,0.1,157,0.969136,0.598765
attraction_gain,mutualist_interference_iota,baseline,saturating_both_curved_cost,162,0,3,102,0.629630,0.25,145,0.895062,0.524691
attraction_gain,mutualist_interference_iota,baseline,saturating_both_curved_cost,162,0,3,102,0.629630,0.5,122,0.753086,0.382716
attraction_gain,mutualist_interference_iota,baseline,saturating_both_curved_cost,162,0,3,102,0.629630,1,70,0.432099,0.061728
attraction_defence_shared_cost,direct_joint_cost_kappa,baseline,saturating_both_curved_cost,162,0,1,94,0.580247,0.1,161,0.993827,0.574074
attraction_defence_shared_cost,direct_joint_cost_kappa,baseline,saturating_both_curved_cost,162,0,1,94,0.580247,0.25,153,0.944444,0.524691
attraction_defence_shared_cost,direct_joint_cost_kappa,baseline,saturating_both_curved_cost,162,0,1,94,0.580247,0.5,138,0.851852,0.432099
attraction_defence_shared_cost,direct_joint_cost_kappa,baseline,saturating_both_curved_cost,162,0,1,94,0.580247,1,109,0.672840,0.253086
attraction_tracking,antagonist_relief_rho,high_tracking_low_obstruction_low_shared_cost,baseline,162,0,3,162,1.000000,0.1,162,1.000000,1.000000
attraction_tracking,antagonist_relief_rho,high_tracking_low_obstruction_low_shared_cost,baseline,162,0,3,162,1.000000,0.25,162,1.000000,1.000000
attraction_tracking,antagonist_relief_rho,high_tracking_low_obstruction_low_shared_cost,baseline,162,0,3,162,1.000000,0.5,141,0.870370,0.870370
attraction_tracking,antagonist_relief_rho,high_tracking_low_obstruction_low_shared_cost,baseline,162,0,3,162,1.000000,1,0,0.000000,0.000000
floral_defence_efficacy,antagonist_relief_rho,high_tracking_low_obstruction_low_shared_cost,baseline,162,0,1,162,1.000000,0.1,162,1.000000,1.000000
floral_defence_efficacy,antagonist_relief_rho,high_tracking_low_obstruction_low_shared_cost,baseline,162,0,1,162,1.000000,0.25,162,1.000000,1.000000
floral_defence_efficacy,antagonist_relief_rho,high_tracking_low_obstruction_low_shared_cost,baseline,162,0,1,162,1.000000,0.5,141,0.870370,0.870370
floral_defence_efficacy,antagonist_relief_rho,high_tracking_low_obstruction_low_shared_cost,baseline,162,0,1,162,1.000000,1,0,0.000000,0.000000
defence_pollinator_cost,mutualist_interference_iota,high_tracking_low_obstruction_low_shared_cost,baseline,162,0,3,63,0.388889,0.1,162,1.000000,0.388889
defence_pollinator_cost,mutualist_interference_iota,high_tracking_low_obstruction_low_shared_cost,baseline,162,0,3,63,0.388889,0.25,162,1.000000,0.388889
defence_pollinator_cost,mutualist_interference_iota,high_tracking_low_obstruction_low_shared_cost,baseline,162,0,3,63,0.388889,0.5,159,0.981481,0.370370
defence_pollinator_cost,mutualist_interference_iota,high_tracking_low_obstruction_low_shared_cost,baseline,162,0,3,63,0.388889,1,144,0.888889,0.277778
attraction_gain,mutualist_interference_iota,high_tracking_low_obstruction_low_shared_cost,baseline,162,0,3,27,0.166667,0.1,162,1.000000,0.166667
attraction_gain,mutualist_interference_iota,high_tracking_low_obstruction_low_shared_cost,baseline,162,0,3,27,0.166667,0.25,162,1.000000,0.166667
attraction_gain,mutualist_interference_iota,high_tracking_low_obstruction_low_shared_cost,baseline,162,0,3,27,0.166667,0.5,153,0.944444,0.111111
attraction_gain,mutualist_interference_iota,high_tracking_low_obstruction_low_shared_cost,baseline,162,0,3,27,0.166667,1,144,0.888889,0.055556
attraction_defence_shared_cost,direct_joint_cost_kappa,high_tracking_low_obstruction_low_shared_cost,baseline,162,0,1,126,0.777778,0.1,162,1.000000,0.777778
attraction_defence_shared_cost,direct_joint_cost_kappa,high_tracking_low_obstruction_low_shared_cost,baseline,162,0,1,126,0.777778,0.25,162,1.000000,0.777778
attraction_defence_shared_cost,direct_joint_cost_kappa,high_tracking_low_obstruction_low_shared_cost,baseline,162,0,1,126,0.777778,0.5,162,1.000000,0.777778
attraction_defence_shared_cost,direct_joint_cost_kappa,high_tracking_low_obstruction_low_shared_cost,baseline,162,0,1,126,0.777778,1,162,1.000000,0.777778
attraction_tracking,antagonist_relief_rho,high_tracking_low_obstruction_low_shared_cost,saturating_attraction,162,0,3,162,1.000000,0.1,158,0.975309,0.975309
attraction_tracking,antagonist_relief_rho,high_tracking_low_obstruction_low_shared_cost,saturating_attraction,162,0,3,162,1.000000,0.25,156,0.962963,0.962963
attraction_tracking,antagonist_relief_rho,high_tracking_low_obstruction_low_shared_cost,saturating_attraction,162,0,3,162,1.000000,0.5,144,0.888889,0.888889
attraction_tracking,antagonist_relief_rho,high_tracking_low_obstruction_low_shared_cost,saturating_attraction,162,0,3,162,1.000000,1,0,0.000000,0.000000
floral_defence_efficacy,antagonist_relief_rho,high_tracking_low_obstruction_low_shared_cost,saturating_attraction,162,0,1,162,1.000000,0.1,158,0.975309,0.975309
floral_defence_efficacy,antagonist_relief_rho,high_tracking_low_obstruction_low_shared_cost,saturating_attraction,162,0,1,162,1.000000,0.25,156,0.962963,0.962963
floral_defence_efficacy,antagonist_relief_rho,high_tracking_low_obstruction_low_shared_cost,saturating_attraction,162,0,1,162,1.000000,0.5,144,0.888889,0.888889
floral_defence_efficacy,antagonist_relief_rho,high_tracking_low_obstruction_low_shared_cost,saturating_attraction,162,0,1,162,1.000000,1,0,0.000000,0.000000
defence_pollinator_cost,mutualist_interference_iota,high_tracking_low_obstruction_low_shared_cost,saturating_attraction,162,0,3,54,0.333333,0.1,159,0.981481,0.314815
defence_pollinator_cost,mutualist_interference_iota,high_tracking_low_obstruction_low_shared_cost,saturating_attraction,162,0,3,54,0.333333,0.25,156,0.962963,0.296296
defence_pollinator_cost,mutualist_interference_iota,high_tracking_low_obstruction_low_shared_cost,saturating_attraction,162,0,3,54,0.333333,0.5,156,0.962963,0.296296
defence_pollinator_cost,mutualist_interference_iota,high_tracking_low_obstruction_low_shared_cost,saturating_attraction,162,0,3,54,0.333333,1,148,0.913580,0.246914
attraction_gain,mutualist_interference_iota,high_tracking_low_obstruction_low_shared_cost,saturating_attraction,162,0,3,21,0.129630,0.1,159,0.981481,0.111111
attraction_gain,mutualist_interference_iota,high_tracking_low_obstruction_low_shared_cost,saturating_attraction,162,0,3,21,0.129630,0.25,156,0.962963,0.092593
attraction_gain,mutualist_interference_iota,high_tracking_low_obstruction_low_shared_cost,saturating_attraction,162,0,3,21,0.129630,0.5,156,0.962963,0.092593
attraction_gain,mutualist_interference_iota,high_tracking_low_obstruction_low_shared_cost,saturating_attraction,162,0,3,21,0.129630,1,144,0.888889,0.018519
attraction_defence_shared_cost,direct_joint_cost_kappa,high_tracking_low_obstruction_low_shared_cost,saturating_attraction,162,0,1,119,0.734568,0.1,161,0.993827,0.728395
attraction_defence_shared_cost,direct_joint_cost_kappa,high_tracking_low_obstruction_low_shared_cost,saturating_attraction,162,0,1,119,0.734568,0.25,161,0.993827,0.728395
attraction_defence_shared_cost,direct_joint_cost_kappa,high_tracking_low_obstruction_low_shared_cost,saturating_attraction,162,0,1,119,0.734568,0.5,160,0.987654,0.722222
attraction_defence_shared_cost,direct_joint_cost_kappa,high_tracking_low_obstruction_low_shared_cost,saturating_attraction,162,0,1,119,0.734568,1,158,0.975309,0.709877
attraction_tracking,antagonist_relief_rho,high_tracking_low_obstruction_low_shared_cost,saturating_defence,162,0,3,159,0.981481,0.1,156,0.962963,0.944444
attraction_tracking,antagonist_relief_rho,high_tracking_low_obstruction_low_shared_cost,saturating_defence,162,0,3,159,0.981481,0.25,150,0.925926,0.907407
attraction_tracking,antagonist_relief_rho,high_tracking_low_obstruction_low_shared_cost,saturating_defence,162,0,3,159,0.981481,0.5,129,0.796296,0.777778
attraction_tracking,antagonist_relief_rho,high_tracking_low_obstruction_low_shared_cost,saturating_defence,162,0,3,159,0.981481,1,3,0.018519,0.000000
floral_defence_efficacy,antagonist_relief_rho,high_tracking_low_obstruction_low_shared_cost,saturating_defence,162,0,1,150,0.925926,0.1,156,0.962963,0.888889
floral_defence_efficacy,antagonist_relief_rho,high_tracking_low_obstruction_low_shared_cost,saturating_defence,162,0,1,150,0.925926,0.25,153,0.944444,0.870370
floral_defence_efficacy,antagonist_relief_rho,high_tracking_low_obstruction_low_shared_cost,saturating_defence,162,0,1,150,0.925926,0.5,135,0.833333,0.759259
floral_defence_efficacy,antagonist_relief_rho,high_tracking_low_obstruction_low_shared_cost,saturating_defence,162,0,1,150,0.925926,1,12,0.074074,0.000000
defence_pollinator_cost,mutualist_interference_iota,high_tracking_low_obstruction_low_shared_cost,saturating_defence,162,0,3,81,0.500000,0.1,156,0.962963,0.462963
defence_pollinator_cost,mutualist_interference_iota,high_tracking_low_obstruction_low_shared_cost,saturating_defence,162,0,3,81,0.500000,0.25,156,0.962963,0.462963
defence_pollinator_cost,mutualist_interference_iota,high_tracking_low_obstruction_low_shared_cost,saturating_defence,162,0,3,81,0.500000,0.5,150,0.925926,0.425926
defence_pollinator_cost,mutualist_interference_iota,high_tracking_low_obstruction_low_shared_cost,saturating_defence,162,0,3,81,0.500000,1,132,0.814815,0.314815
attraction_gain,mutualist_interference_iota,high_tracking_low_obstruction_low_shared_cost,saturating_defence,162,0,3,54,0.333333,0.1,156,0.962963,0.296296
attraction_gain,mutualist_interference_iota,high_tracking_low_obstruction_low_shared_cost,saturating_defence,162,0,3,54,0.333333,0.25,153,0.944444,0.277778
attraction_gain,mutualist_interference_iota,high_tracking_low_obstruction_low_shared_cost,saturating_defence,162,0,3,54,0.333333,0.5,141,0.870370,0.203704
attraction_gain,mutualist_interference_iota,high_tracking_low_obstruction_low_shared_cost,saturating_defence,162,0,3,54,0.333333,1,126,0.777778,0.111111
attraction_defence_shared_cost,direct_joint_cost_kappa,high_tracking_low_obstruction_low_shared_cost,saturating_defence,162,0,1,126,0.777778,0.1,162,1.000000,0.777778
attraction_defence_shared_cost,direct_joint_cost_kappa,high_tracking_low_obstruction_low_shared_cost,saturating_defence,162,0,1,126,0.777778,0.25,159,0.981481,0.759259
attraction_defence_shared_cost,direct_joint_cost_kappa,high_tracking_low_obstruction_low_shared_cost,saturating_defence,162,0,1,126,0.777778,0.5,159,0.981481,0.759259
attraction_defence_shared_cost,direct_joint_cost_kappa,high_tracking_low_obstruction_low_shared_cost,saturating_defence,162,0,1,126,0.777778,1,150,0.925926,0.703704
attraction_tracking,antagonist_relief_rho,high_tracking_low_obstruction_low_shared_cost,saturating_both_curved_cost,162,0,3,160,0.987654,0.1,155,0.956790,0.944444
attraction_tracking,antagonist_relief_rho,high_tracking_low_obstruction_low_shared_cost,saturating_both_curved_cost,162,0,3,160,0.987654,0.25,149,0.919753,0.907407
attraction_tracking,antagonist_relief_rho,high_tracking_low_obstruction_low_shared_cost,saturating_both_curved_cost,162,0,3,160,0.987654,0.5,124,0.765432,0.753086
attraction_tracking,antagonist_relief_rho,high_tracking_low_obstruction_low_shared_cost,saturating_both_curved_cost,162,0,3,160,0.987654,1,2,0.012346,0.000000
floral_defence_efficacy,antagonist_relief_rho,high_tracking_low_obstruction_low_shared_cost,saturating_both_curved_cost,162,0,1,150,0.925926,0.1,155,0.956790,0.882716
floral_defence_efficacy,antagonist_relief_rho,high_tracking_low_obstruction_low_shared_cost,saturating_both_curved_cost,162,0,1,150,0.925926,0.25,151,0.932099,0.858025
floral_defence_efficacy,antagonist_relief_rho,high_tracking_low_obstruction_low_shared_cost,saturating_both_curved_cost,162,0,1,150,0.925926,0.5,130,0.802469,0.728395
floral_defence_efficacy,antagonist_relief_rho,high_tracking_low_obstruction_low_shared_cost,saturating_both_curved_cost,162,0,1,150,0.925926,1,12,0.074074,0.000000
defence_pollinator_cost,mutualist_interference_iota,high_tracking_low_obstruction_low_shared_cost,saturating_both_curved_cost,162,0,3,77,0.475309,0.1,156,0.962963,0.438272
defence_pollinator_cost,mutualist_interference_iota,high_tracking_low_obstruction_low_shared_cost,saturating_both_curved_cost,162,0,3,77,0.475309,0.25,154,0.950617,0.425926
defence_pollinator_cost,mutualist_interference_iota,high_tracking_low_obstruction_low_shared_cost,saturating_both_curved_cost,162,0,3,77,0.475309,0.5,145,0.895062,0.370370
defence_pollinator_cost,mutualist_interference_iota,high_tracking_low_obstruction_low_shared_cost,saturating_both_curved_cost,162,0,3,77,0.475309,1,129,0.796296,0.271605
attraction_gain,mutualist_interference_iota,high_tracking_low_obstruction_low_shared_cost,saturating_both_curved_cost,162,0,3,44,0.271605,0.1,155,0.956790,0.228395
attraction_gain,mutualist_interference_iota,high_tracking_low_obstruction_low_shared_cost,saturating_both_curved_cost,162,0,3,44,0.271605,0.25,153,0.944444,0.216049
attraction_gain,mutualist_interference_iota,high_tracking_low_obstruction_low_shared_cost,saturating_both_curved_cost,162,0,3,44,0.271605,0.5,142,0.876543,0.148148
attraction_gain,mutualist_interference_iota,high_tracking_low_obstruction_low_shared_cost,saturating_both_curved_cost,162,0,3,44,0.271605,1,124,0.765432,0.037037
attraction_defence_shared_cost,direct_joint_cost_kappa,high_tracking_low_obstruction_low_shared_cost,saturating_both_curved_cost,162,0,1,118,0.728395,0.1,159,0.981481,0.709877
attraction_defence_shared_cost,direct_joint_cost_kappa,high_tracking_low_obstruction_low_shared_cost,saturating_both_curved_cost,162,0,1,118,0.728395,0.25,158,0.975309,0.703704
attraction_defence_shared_cost,direct_joint_cost_kappa,high_tracking_low_obstruction_low_shared_cost,saturating_both_curved_cost,162,0,1,118,0.728395,0.5,156,0.962963,0.691358
attraction_defence_shared_cost,direct_joint_cost_kappa,high_tracking_low_obstruction_low_shared_cost,saturating_both_curved_cost,162,0,1,118,0.728395,1,144,0.888889,0.617284
attraction_tracking,antagonist_relief_rho,high_obstruction_high_shared_cost,baseline,162,0,3,108,0.666667,0.1,147,0.907407,0.574074
attraction_tracking,antagonist_relief_rho,high_obstruction_high_shared_cost,baseline,162,0,3,108,0.666667,0.25,144,0.888889,0.555556
attraction_tracking,antagonist_relief_rho,high_obstruction_high_shared_cost,baseline,162,0,3,108,0.666667,0.5,132,0.814815,0.481481
attraction_tracking,antagonist_relief_rho,high_obstruction_high_shared_cost,baseline,162,0,3,108,0.666667,1,102,0.629630,0.296296
floral_defence_efficacy,antagonist_relief_rho,high_obstruction_high_shared_cost,baseline,162,0,1,42,0.259259,0.1,147,0.907407,0.166667
floral_defence_efficacy,antagonist_relief_rho,high_obstruction_high_shared_cost,baseline,162,0,1,42,0.259259,0.25,144,0.888889,0.148148
floral_defence_efficacy,antagonist_relief_rho,high_obstruction_high_shared_cost,baseline,162,0,1,42,0.259259,0.5,132,0.814815,0.074074
floral_defence_efficacy,antagonist_relief_rho,high_obstruction_high_shared_cost,baseline,162,0,1,42,0.259259,1,120,0.740741,0.000000
defence_pollinator_cost,mutualist_interference_iota,high_obstruction_high_shared_cost,baseline,162,0,3,48,0.296296,0.1,156,0.962963,0.259259
defence_pollinator_cost,mutualist_interference_iota,high_obstruction_high_shared_cost,baseline,162,0,3,48,0.296296,0.25,156,0.962963,0.259259
defence_pollinator_cost,mutualist_interference_iota,high_obstruction_high_shared_cost,baseline,162,0,3,48,0.296296,0.5,150,0.925926,0.222222
defence_pollinator_cost,mutualist_interference_iota,high_obstruction_high_shared_cost,baseline,162,0,3,48,0.296296,1,114,0.703704,0.000000
attraction_gain,mutualist_interference_iota,high_obstruction_high_shared_cost,baseline,162,0,3,54,0.333333,0.1,156,0.962963,0.296296
attraction_gain,mutualist_interference_iota,high_obstruction_high_shared_cost,baseline,162,0,3,54,0.333333,0.25,153,0.944444,0.277778
attraction_gain,mutualist_interference_iota,high_obstruction_high_shared_cost,baseline,162,0,3,54,0.333333,0.5,138,0.851852,0.185185
attraction_gain,mutualist_interference_iota,high_obstruction_high_shared_cost,baseline,162,0,3,54,0.333333,1,108,0.666667,0.000000
attraction_defence_shared_cost,direct_joint_cost_kappa,high_obstruction_high_shared_cost,baseline,162,0,1,48,0.296296,0.1,156,0.962963,0.259259
attraction_defence_shared_cost,direct_joint_cost_kappa,high_obstruction_high_shared_cost,baseline,162,0,1,48,0.296296,0.25,144,0.888889,0.185185
attraction_defence_shared_cost,direct_joint_cost_kappa,high_obstruction_high_shared_cost,baseline,162,0,1,48,0.296296,0.5,135,0.833333,0.129630
attraction_defence_shared_cost,direct_joint_cost_kappa,high_obstruction_high_shared_cost,baseline,162,0,1,48,0.296296,1,114,0.703704,0.000000
attraction_tracking,antagonist_relief_rho,high_obstruction_high_shared_cost,saturating_attraction,162,0,3,111,0.685185,0.1,152,0.938272,0.623457
attraction_tracking,antagonist_relief_rho,high_obstruction_high_shared_cost,saturating_attraction,162,0,3,111,0.685185,0.25,141,0.870370,0.555556
attraction_tracking,antagonist_relief_rho,high_obstruction_high_shared_cost,saturating_attraction,162,0,3,111,0.685185,0.5,124,0.765432,0.450617
attraction_tracking,antagonist_relief_rho,high_obstruction_high_shared_cost,saturating_attraction,162,0,3,111,0.685185,1,97,0.598765,0.283951
floral_defence_efficacy,antagonist_relief_rho,high_obstruction_high_shared_cost,saturating_attraction,162,0,1,49,0.302469,0.1,152,0.938272,0.240741
floral_defence_efficacy,antagonist_relief_rho,high_obstruction_high_shared_cost,saturating_attraction,162,0,1,49,0.302469,0.25,141,0.870370,0.172840
floral_defence_efficacy,antagonist_relief_rho,high_obstruction_high_shared_cost,saturating_attraction,162,0,1,49,0.302469,0.5,124,0.765432,0.067901
floral_defence_efficacy,antagonist_relief_rho,high_obstruction_high_shared_cost,saturating_attraction,162,0,1,49,0.302469,1,113,0.697531,0.000000
defence_pollinator_cost,mutualist_interference_iota,high_obstruction_high_shared_cost,saturating_attraction,162,0,3,48,0.296296,0.1,162,1.000000,0.296296
defence_pollinator_cost,mutualist_interference_iota,high_obstruction_high_shared_cost,saturating_attraction,162,0,3,48,0.296296,0.25,157,0.969136,0.265432
defence_pollinator_cost,mutualist_interference_iota,high_obstruction_high_shared_cost,saturating_attraction,162,0,3,48,0.296296,0.5,147,0.907407,0.203704
defence_pollinator_cost,mutualist_interference_iota,high_obstruction_high_shared_cost,saturating_attraction,162,0,3,48,0.296296,1,114,0.703704,0.000000
attraction_gain,mutualist_interference_iota,high_obstruction_high_shared_cost,saturating_attraction,162,0,3,54,0.333333,0.1,159,0.981481,0.314815
attraction_gain,mutualist_interference_iota,high_obstruction_high_shared_cost,saturating_attraction,162,0,3,54,0.333333,0.25,153,0.944444,0.277778
attraction_gain,mutualist_interference_iota,high_obstruction_high_shared_cost,saturating_attraction,162,0,3,54,0.333333,0.5,140,0.864198,0.197531
attraction_gain,mutualist_interference_iota,high_obstruction_high_shared_cost,saturating_attraction,162,0,3,54,0.333333,1,110,0.679012,0.012346
attraction_defence_shared_cost,direct_joint_cost_kappa,high_obstruction_high_shared_cost,saturating_attraction,162,0,1,66,0.407407,0.1,155,0.956790,0.364198
attraction_defence_shared_cost,direct_joint_cost_kappa,high_obstruction_high_shared_cost,saturating_attraction,162,0,1,66,0.407407,0.25,146,0.901235,0.308642
attraction_defence_shared_cost,direct_joint_cost_kappa,high_obstruction_high_shared_cost,saturating_attraction,162,0,1,66,0.407407,0.5,129,0.796296,0.203704
attraction_defence_shared_cost,direct_joint_cost_kappa,high_obstruction_high_shared_cost,saturating_attraction,162,0,1,66,0.407407,1,96,0.592593,0.000000
attraction_tracking,antagonist_relief_rho,high_obstruction_high_shared_cost,saturating_defence,162,0,3,81,0.500000,0.1,162,1.000000,0.500000
attraction_tracking,antagonist_relief_rho,high_obstruction_high_shared_cost,saturating_defence,162,0,3,81,0.500000,0.25,150,0.925926,0.425926
attraction_tracking,antagonist_relief_rho,high_obstruction_high_shared_cost,saturating_defence,162,0,3,81,0.500000,0.5,144,0.888889,0.388889
attraction_tracking,antagonist_relief_rho,high_obstruction_high_shared_cost,saturating_defence,162,0,3,81,0.500000,1,126,0.777778,0.277778
floral_defence_efficacy,antagonist_relief_rho,high_obstruction_high_shared_cost,saturating_defence,162,0,1,30,0.185185,0.1,162,1.000000,0.185185
floral_defence_efficacy,antagonist_relief_rho,high_obstruction_high_shared_cost,saturating_defence,162,0,1,30,0.185185,0.25,150,0.925926,0.111111
floral_defence_efficacy,antagonist_relief_rho,high_obstruction_high_shared_cost,saturating_defence,162,0,1,30,0.185185,0.5,144,0.888889,0.074074
floral_defence_efficacy,antagonist_relief_rho,high_obstruction_high_shared_cost,saturating_defence,162,0,1,30,0.185185,1,132,0.814815,0.000000
defence_pollinator_cost,mutualist_interference_iota,high_obstruction_high_shared_cost,saturating_defence,162,0,3,54,0.333333,0.1,162,1.000000,0.333333
defence_pollinator_cost,mutualist_interference_iota,high_obstruction_high_shared_cost,saturating_defence,162,0,3,54,0.333333,0.25,159,0.981481,0.314815
defence_pollinator_cost,mutualist_interference_iota,high_obstruction_high_shared_cost,saturating_defence,162,0,3,54,0.333333,0.5,150,0.925926,0.259259
defence_pollinator_cost,mutualist_interference_iota,high_obstruction_high_shared_cost,saturating_defence,162,0,3,54,0.333333,1,114,0.703704,0.037037
attraction_gain,mutualist_interference_iota,high_obstruction_high_shared_cost,saturating_defence,162,0,3,54,0.333333,0.1,162,1.000000,0.333333
attraction_gain,mutualist_interference_iota,high_obstruction_high_shared_cost,saturating_defence,162,0,3,54,0.333333,0.25,156,0.962963,0.296296
attraction_gain,mutualist_interference_iota,high_obstruction_high_shared_cost,saturating_defence,162,0,3,54,0.333333,0.5,147,0.907407,0.240741
attraction_gain,mutualist_interference_iota,high_obstruction_high_shared_cost,saturating_defence,162,0,3,54,0.333333,1,111,0.685185,0.018519
attraction_defence_shared_cost,direct_joint_cost_kappa,high_obstruction_high_shared_cost,saturating_defence,162,0,1,36,0.222222,0.1,162,1.000000,0.222222
attraction_defence_shared_cost,direct_joint_cost_kappa,high_obstruction_high_shared_cost,saturating_defence,162,0,1,36,0.222222,0.25,156,0.962963,0.185185
attraction_defence_shared_cost,direct_joint_cost_kappa,high_obstruction_high_shared_cost,saturating_defence,162,0,1,36,0.222222,0.5,150,0.925926,0.148148
attraction_defence_shared_cost,direct_joint_cost_kappa,high_obstruction_high_shared_cost,saturating_defence,162,0,1,36,0.222222,1,126,0.777778,0.000000
attraction_tracking,antagonist_relief_rho,high_obstruction_high_shared_cost,saturating_both_curved_cost,162,0,3,79,0.487654,0.1,154,0.950617,0.438272
attraction_tracking,antagonist_relief_rho,high_obstruction_high_shared_cost,saturating_both_curved_cost,162,0,3,79,0.487654,0.25,149,0.919753,0.407407
attraction_tracking,antagonist_relief_rho,high_obstruction_high_shared_cost,saturating_both_curved_cost,162,0,3,79,0.487654,0.5,136,0.839506,0.327160
attraction_tracking,antagonist_relief_rho,high_obstruction_high_shared_cost,saturating_both_curved_cost,162,0,3,79,0.487654,1,124,0.765432,0.253086
floral_defence_efficacy,antagonist_relief_rho,high_obstruction_high_shared_cost,saturating_both_curved_cost,162,0,1,32,0.197531,0.1,154,0.950617,0.148148
floral_defence_efficacy,antagonist_relief_rho,high_obstruction_high_shared_cost,saturating_both_curved_cost,162,0,1,32,0.197531,0.25,149,0.919753,0.117284
floral_defence_efficacy,antagonist_relief_rho,high_obstruction_high_shared_cost,saturating_both_curved_cost,162,0,1,32,0.197531,0.5,136,0.839506,0.037037
floral_defence_efficacy,antagonist_relief_rho,high_obstruction_high_shared_cost,saturating_both_curved_cost,162,0,1,32,0.197531,1,130,0.802469,0.000000
defence_pollinator_cost,mutualist_interference_iota,high_obstruction_high_shared_cost,saturating_both_curved_cost,162,0,3,44,0.271605,0.1,159,0.981481,0.253086
defence_pollinator_cost,mutualist_interference_iota,high_obstruction_high_shared_cost,saturating_both_curved_cost,162,0,3,44,0.271605,0.25,152,0.938272,0.209877
defence_pollinator_cost,mutualist_interference_iota,high_obstruction_high_shared_cost,saturating_both_curved_cost,162,0,3,44,0.271605,0.5,146,0.901235,0.172840
defence_pollinator_cost,mutualist_interference_iota,high_obstruction_high_shared_cost,saturating_both_curved_cost,162,0,3,44,0.271605,1,120,0.740741,0.012346
attraction_gain,mutualist_interference_iota,high_obstruction_high_shared_cost,saturating_both_curved_cost,162,0,3,45,0.277778,0.1,158,0.975309,0.253086
attraction_gain,mutualist_interference_iota,high_obstruction_high_shared_cost,saturating_both_curved_cost,162,0,3,45,0.277778,0.25,151,0.932099,0.209877
attraction_gain,mutualist_interference_iota,high_obstruction_high_shared_cost,saturating_both_curved_cost,162,0,3,45,0.277778,0.5,146,0.901235,0.179012
attraction_gain,mutualist_interference_iota,high_obstruction_high_shared_cost,saturating_both_curved_cost,162,0,3,45,0.277778,1,118,0.728395,0.006173
attraction_defence_shared_cost,direct_joint_cost_kappa,high_obstruction_high_shared_cost,saturating_both_curved_cost,162,0,1,41,0.253086,0.1,156,0.962963,0.216049
attraction_defence_shared_cost,direct_joint_cost_kappa,high_obstruction_high_shared_cost,saturating_both_curved_cost,162,0,1,41,0.253086,0.25,154,0.950617,0.203704
attraction_defence_shared_cost,direct_joint_cost_kappa,high_obstruction_high_shared_cost,saturating_both_curved_cost,162,0,1,41,0.253086,0.5,146,0.901235,0.154321
attraction_defence_shared_cost,direct_joint_cost_kappa,high_obstruction_high_shared_cost,saturating_both_curved_cost,162,0,1,41,0.253086,1,125,0.771605,0.024691
