scenario_id,defence,assurance,pollinator_service,floral_damage_pressure,relief_minus_joint_cost_ratio_K,boundary_type,lower_boundary_c_D,upper_boundary_c_D,classification_at_interval_low,classification_at_interval_high,interval_verdict
low_tracking_low_obstruction_low_shared_cost,0.2,0.0,0.2,0.2,0.1428571429,two_sided_window,0.1471231149,26.02480049,substitutable,substitutable,settled_substitutable
low_tracking_low_obstruction_low_shared_cost,0.2,0.0,0.2,0.5,0.6785714286,two_sided_window,0.7956124903,15.71046193,complementary,complementary,settled_complementary
low_tracking_low_obstruction_low_shared_cost,0.2,0.0,0.2,0.8,1.214285714,two_sided_window,1.709123626,11.03423224,complementary,complementary,settled_complementary
low_tracking_low_obstruction_low_shared_cost,0.2,0.0,0.5,0.2,0.05714285714,two_sided_window,0.05780734636,31.57242496,substitutable,substitutable,settled_substitutable
low_tracking_low_obstruction_low_shared_cost,0.2,0.0,0.5,0.5,0.2714285714,two_sided_window,0.2874927267,21.96827908,complementary,substitutable,unsettled_interval_spans_boundary
low_tracking_low_obstruction_low_shared_cost,0.2,0.0,0.5,0.8,0.4857142857,two_sided_window,0.5412434949,18.0865036,complementary,substitutable,unsettled_interval_spans_boundary
low_tracking_low_obstruction_low_shared_cost,0.2,0.0,0.8,0.2,0.03571428571,two_sided_window,0.03597215619,34.34301594,substitutable,substitutable,settled_substitutable
low_tracking_low_obstruction_low_shared_cost,0.2,0.0,0.8,0.5,0.1696428571,two_sided_window,0.1757104513,24.95583847,substitutable,substitutable,settled_substitutable
low_tracking_low_obstruction_low_shared_cost,0.2,0.0,0.8,0.8,0.3035714286,two_sided_window,0.3238868763,21.2401605,complementary,substitutable,unsettled_interval_spans_boundary
low_tracking_low_obstruction_low_shared_cost,0.2,0.5,0.2,0.2,0.1503759398,two_sided_window,0.1551141431,25.70687699,substitutable,substitutable,settled_substitutable
low_tracking_low_obstruction_low_shared_cost,0.2,0.5,0.2,0.5,0.7142857143,two_sided_window,0.8459630193,15.33210673,complementary,complementary,settled_complementary
low_tracking_low_obstruction_low_shared_cost,0.2,0.5,0.2,0.8,1.278195489,two_sided_window,1.850774526,10.55642852,complementary,complementary,settled_complementary
low_tracking_low_obstruction_low_shared_cost,0.2,0.5,0.5,0.2,0.06015037594,two_sided_window,0.06088733316,31.26742147,substitutable,substitutable,settled_substitutable
low_tracking_low_obstruction_low_shared_cost,0.2,0.5,0.5,0.5,0.2857142857,two_sided_window,0.3036004089,21.63548994,complementary,substitutable,unsettled_interval_spans_boundary
low_tracking_low_obstruction_low_shared_cost,0.2,0.5,0.5,0.8,0.5112781955,two_sided_window,0.5734066727,17.7306932,complementary,substitutable,unsettled_interval_spans_boundary
low_tracking_low_obstruction_low_shared_cost,0.2,0.5,0.8,0.2,0.03759398496,two_sided_window,0.03787987766,34.04262284,substitutable,substitutable,settled_substitutable
low_tracking_low_obstruction_low_shared_cost,0.2,0.5,0.8,0.5,0.1785714286,two_sided_window,0.1853139611,24.63459094,substitutable,substitutable,settled_substitutable
low_tracking_low_obstruction_low_shared_cost,0.2,0.5,0.8,0.8,0.3195488722,two_sided_window,0.3421834206,20.90390524,complementary,substitutable,unsettled_interval_spans_boundary
low_tracking_low_obstruction_low_shared_cost,0.5,0.0,0.2,0.2,0.1428571429,two_sided_window,0.154316114,8.067510089,substitutable,substitutable,settled_substitutable
low_tracking_low_obstruction_low_shared_cost,0.5,0.0,0.2,0.5,0.6785714286,two_sided_window,1.299518158,2.915862121,complementary,complementary,settled_complementary
low_tracking_low_obstruction_low_shared_cost,0.5,0.0,0.2,0.8,1.214285714,always_complementary,,,complementary,complementary,settled_complementary_regardless_of_c_D
low_tracking_low_obstruction_low_shared_cost,0.5,0.0,0.5,0.2,0.05714285714,two_sided_window,0.05884924598,10.40992019,substitutable,substitutable,settled_substitutable
low_tracking_low_obstruction_low_shared_cost,0.5,0.0,0.5,0.5,0.2714285714,two_sided_window,0.3182449961,6.284184773,complementary,substitutable,unsettled_interval_spans_boundary
low_tracking_low_obstruction_low_shared_cost,0.5,0.0,0.5,0.8,0.4857142857,two_sided_window,0.6836494503,4.413692895,complementary,substitutable,unsettled_interval_spans_boundary
low_tracking_low_obstruction_low_shared_cost,0.5,0.0,0.8,0.2,0.03571428571,two_sided_window,0.03636968549,11.55940839,substitutable,substitutable,settled_substitutable
low_tracking_low_obstruction_low_shared_cost,0.5,0.0,0.8,0.5,0.1696428571,two_sided_window,0.1861946664,7.605992678,substitutable,substitutable,settled_substitutable
low_tracking_low_obstruction_low_shared_cost,0.5,0.0,0.8,0.8,0.3035714286,two_sided_window,0.3642061294,5.951595294,complementary,substitutable,unsettled_interval_spans_boundary
low_tracking_low_obstruction_low_shared_cost,0.5,0.5,0.2,0.2,0.1503759398,two_sided_window,0.16315771,7.93072182,substitutable,substitutable,settled_substitutable
low_tracking_low_obstruction_low_shared_cost,0.5,0.5,0.2,0.5,0.7142857143,two_sided_window,1.5518846,2.527048573,complementary,complementary,settled_complementary
low_tracking_low_obstruction_low_shared_cost,0.5,0.5,0.2,0.8,1.278195489,always_complementary,,,complementary,complementary,settled_complementary_regardless_of_c_D
low_tracking_low_obstruction_low_shared_cost,0.5,0.5,0.5,0.2,0.06015037594,two_sided_window,0.06204565724,10.2827508,substitutable,substitutable,settled_substitutable
low_tracking_low_obstruction_low_shared_cost,0.5,0.5,0.5,0.5,0.2857142857,two_sided_window,0.3383852077,6.13284269,complementary,substitutable,unsettled_interval_spans_boundary
low_tracking_low_obstruction_low_shared_cost,0.5,0.5,0.5,0.8,0.5112781955,two_sided_window,0.7403098102,4.222571408,complementary,complementary,settled_complementary
low_tracking_low_obstruction_low_shared_cost,0.5,0.5,0.8,0.2,0.03759398496,two_sided_window,0.03832125452,11.43521826,substitutable,substitutable,settled_substitutable
low_tracking_low_obstruction_low_shared_cost,0.5,0.5,0.8,0.5,0.1785714286,two_sided_window,0.1970622801,7.466344144,substitutable,substitutable,settled_substitutable
low_tracking_low_obstruction_low_shared_cost,0.5,0.5,0.8,0.8,0.3195488722,two_sided_window,0.387954217,5.796039933,complementary,substitutable,unsettled_interval_spans_boundary
low_tracking_low_obstruction_low_shared_cost,0.8,0.0,0.2,0.2,0.1428571429,two_sided_window,0.1627181663,4.237293658,substitutable,substitutable,settled_substitutable
low_tracking_low_obstruction_low_shared_cost,0.8,0.0,0.2,0.5,0.6785714286,always_complementary,,,complementary,complementary,settled_complementary_regardless_of_c_D
low_tracking_low_obstruction_low_shared_cost,0.8,0.0,0.2,0.8,1.214285714,always_complementary,,,complementary,complementary,settled_complementary_regardless_of_c_D
low_tracking_low_obstruction_low_shared_cost,0.8,0.0,0.5,0.2,0.05714285714,two_sided_window,0.05995022144,5.768201523,substitutable,substitutable,settled_substitutable
low_tracking_low_obstruction_low_shared_cost,0.8,0.0,0.5,0.5,0.2714285714,two_sided_window,0.3628446269,3.005714442,complementary,substitutable,unsettled_interval_spans_boundary
low_tracking_low_obstruction_low_shared_cost,0.8,0.0,0.5,0.8,0.4857142857,always_complementary,,,complementary,complementary,settled_complementary_regardless_of_c_D
low_tracking_low_obstruction_low_shared_cost,0.8,0.0,0.8,0.2,0.03571428571,two_sided_window,0.03678077874,6.506200122,substitutable,substitutable,settled_substitutable
low_tracking_low_obstruction_low_shared_cost,0.8,0.0,0.8,0.5,0.1696428571,two_sided_window,0.1989031226,3.927615483,substitutable,substitutable,settled_substitutable
low_tracking_low_obstruction_low_shared_cost,0.8,0.0,0.8,0.8,0.3035714286,two_sided_window,0.4272809064,2.75855806,complementary,substitutable,unsettled_interval_spans_boundary
low_tracking_low_obstruction_low_shared_cost,0.8,0.5,0.2,0.2,0.1503759398,two_sided_window,0.1726483976,4.145929973,substitutable,substitutable,settled_substitutable
low_tracking_low_obstruction_low_shared_cost,0.8,0.5,0.2,0.5,0.7142857143,always_complementary,,,complementary,complementary,settled_complementary_regardless_of_c_D
low_tracking_low_obstruction_low_shared_cost,0.8,0.5,0.2,0.8,1.278195489,always_complementary,,,complementary,complementary,settled_complementary_regardless_of_c_D
low_tracking_low_obstruction_low_shared_cost,0.8,0.5,0.5,0.2,0.06015037594,two_sided_window,0.06327349282,5.686183615,substitutable,substitutable,settled_substitutable
low_tracking_low_obstruction_low_shared_cost,0.8,0.5,0.5,0.5,0.2857142857,two_sided_window,0.3904797495,2.894445773,complementary,substitutable,unsettled_interval_spans_boundary
low_tracking_low_obstruction_low_shared_cost,0.8,0.5,0.5,0.8,0.5112781955,always_complementary,,,complementary,complementary,settled_complementary_regardless_of_c_D
low_tracking_low_obstruction_low_shared_cost,0.8,0.5,0.8,0.2,0.03759398496,two_sided_window,0.03877853577,6.426719247,substitutable,substitutable,settled_substitutable
low_tracking_low_obstruction_low_shared_cost,0.8,0.5,0.8,0.5,0.1785714286,two_sided_window,0.2114907548,3.833026681,complementary,substitutable,unsettled_interval_spans_boundary
low_tracking_low_obstruction_low_shared_cost,0.8,0.5,0.8,0.8,0.3195488722,two_sided_window,0.4626936314,2.63910713,complementary,substitutable,unsettled_interval_spans_boundary
baseline,0.2,0.0,0.2,0.2,0.2708333333,two_sided_window,0.2868238899,21.98248923,complementary,substitutable,unsettled_interval_spans_boundary
baseline,0.2,0.0,0.2,0.5,1.302083333,two_sided_window,1.906489047,10.37918319,complementary,complementary,settled_complementary
baseline,0.2,0.0,0.2,0.8,2.333333333,always_complementary,,,complementary,complementary,settled_complementary_regardless_of_c_D
baseline,0.2,0.0,0.5,0.2,0.1083333333,two_sided_window,0.1107599089,27.72424919,substitutable,substitutable,settled_substitutable
baseline,0.2,0.0,0.5,0.5,0.5208333333,two_sided_window,0.5855423839,17.60156503,complementary,substitutable,unsettled_interval_spans_boundary
baseline,0.2,0.0,0.5,0.8,0.9333333333,two_sided_window,1.182308415,13.27400085,complementary,complementary,settled_complementary
baseline,0.2,0.0,0.8,0.2,0.06770833333,two_sided_window,0.06864430178,30.56142265,substitutable,substitutable,settled_substitutable
baseline,0.2,0.0,0.8,0.5,0.3255208333,two_sided_window,0.3490579873,20.78210563,complementary,substitutable,unsettled_interval_spans_boundary
baseline,0.2,0.0,0.8,0.8,0.5833333333,two_sided_window,0.6665143335,16.80267216,complementary,substitutable,unsettled_interval_spans_boundary
baseline,0.2,0.5,0.2,0.2,0.2850877193,two_sided_window,0.302891682,21.64976473,complementary,substitutable,unsettled_interval_spans_boundary
baseline,0.2,0.5,0.2,0.5,1.370614035,two_sided_window,2.076056356,9.87244199,complementary,complementary,settled_complementary
baseline,0.2,0.5,0.2,0.8,2.456140351,always_complementary,,,complementary,complementary,settled_complementary_regardless_of_c_D
baseline,0.2,0.5,0.5,0.2,0.1140350877,two_sided_window,0.116728639,27.41096015,substitutable,substitutable,settled_substitutable
baseline,0.2,0.5,0.5,0.5,0.548245614,two_sided_window,0.6207109944,17.24186028,complementary,substitutable,unsettled_interval_spans_boundary
baseline,0.2,0.5,0.5,0.8,0.9824561404,two_sided_window,1.265386693,12.85853803,complementary,complementary,settled_complementary
baseline,0.2,0.5,0.8,0.2,0.07127192982,two_sided_window,0.07231015603,30.25448595,substitutable,substitutable,settled_substitutable
baseline,0.2,0.5,0.8,0.5,0.3426535088,two_sided_window,0.3688897059,20.44350334,complementary,substitutable,unsettled_interval_spans_boundary
baseline,0.2,0.5,0.8,0.8,0.6140350877,two_sided_window,0.7073470996,16.43583657,complementary,complementary,settled_complementary
baseline,0.5,0.0,0.2,0.2,0.2708333333,two_sided_window,0.3174153998,6.290623778,complementary,substitutable,unsettled_interval_spans_boundary
baseline,0.5,0.0,0.2,0.5,1.302083333,always_complementary,,,complementary,complementary,settled_complementary_regardless_of_c_D
baseline,0.5,0.0,0.2,0.8,2.333333333,always_complementary,,,complementary,complementary,settled_complementary_regardless_of_c_D
baseline,0.5,0.0,0.5,0.2,0.1083333333,two_sided_window,0.114729556,8.792995691,substitutable,substitutable,settled_substitutable
baseline,0.5,0.0,0.5,0.5,0.5208333333,two_sided_window,0.7625956188,4.151673276,complementary,complementary,settled_complementary
baseline,0.5,0.0,0.5,0.8,0.9333333333,always_complementary,,,complementary,complementary,settled_complementary_regardless_of_c_D
baseline,0.5,0.0,0.8,0.2,0.06770833333,two_sided_window,0.07012444773,9.987825915,substitutable,substitutable,settled_substitutable
baseline,0.5,0.0,0.8,0.5,0.3255208333,two_sided_window,0.3969951375,5.739349321,complementary,substitutable,unsettled_interval_spans_boundary
baseline,0.5,0.0,0.8,0.8,0.5833333333,two_sided_window,0.9275276464,3.688353077,complementary,complementary,settled_complementary
baseline,0.5,0.5,0.2,0.2,0.2850877193,two_sided_window,0.3374924521,6.139356622,complementary,substitutable,unsettled_interval_spans_boundary
baseline,0.5,0.5,0.2,0.5,1.370614035,always_complementary,,,complementary,complementary,settled_complementary_regardless_of_c_D
baseline,0.5,0.5,0.2,0.8,2.456140351,always_complementary,,,complementary,complementary,settled_complementary_regardless_of_c_D
baseline,0.5,0.5,0.5,0.2,0.1140350877,two_sided_window,0.1211566728,8.659905893,substitutable,substitutable,settled_substitutable
baseline,0.5,0.5,0.5,0.5,0.548245614,two_sided_window,0.8304225425,3.948976796,complementary,complementary,settled_complementary
baseline,0.5,0.5,0.5,0.8,0.9824561404,always_complementary,,,complementary,complementary,settled_complementary_regardless_of_c_D
baseline,0.5,0.5,0.8,0.2,0.07127192982,two_sided_window,0.07395678617,9.859344891,substitutable,substitutable,settled_substitutable
baseline,0.5,0.5,0.8,0.5,0.3426535088,two_sided_window,0.4234550038,5.580699182,complementary,substitutable,unsettled_interval_spans_boundary
baseline,0.5,0.5,0.8,0.8,0.6140350877,two_sided_window,1.025219095,3.455121877,complementary,complementary,settled_complementary
baseline,0.8,0.0,0.2,0.2,0.2708333333,two_sided_window,0.3617246798,3.010409862,complementary,substitutable,unsettled_interval_spans_boundary
baseline,0.8,0.0,0.2,0.5,1.302083333,always_complementary,,,complementary,complementary,settled_complementary_regardless_of_c_D
baseline,0.8,0.0,0.2,0.8,2.333333333,always_complementary,,,complementary,complementary,settled_complementary_regardless_of_c_D
baseline,0.8,0.0,0.5,0.2,0.1083333333,two_sided_window,0.1191697166,4.717196239,substitutable,substitutable,settled_substitutable
baseline,0.8,0.0,0.5,0.5,0.5208333333,always_complementary,,,complementary,complementary,settled_complementary_regardless_of_c_D
baseline,0.8,0.0,0.5,0.8,0.9333333333,always_complementary,,,complementary,complementary,settled_complementary_regardless_of_c_D
baseline,0.8,0.0,0.8,0.2,0.06770833333,two_sided_window,0.07170597249,5.495622307,substitutable,substitutable,settled_substitutable
baseline,0.8,0.0,0.8,0.5,0.3255208333,two_sided_window,0.4766222618,2.594795798,complementary,substitutable,unsettled_interval_spans_boundary
baseline,0.8,0.0,0.8,0.8,0.5833333333,always_complementary,,,complementary,complementary,settled_complementary_regardless_of_c_D
baseline,0.8,0.5,0.2,0.2,0.2850877193,two_sided_window,0.3892359302,2.899272945,complementary,substitutable,unsettled_interval_spans_boundary
baseline,0.8,0.5,0.2,0.5,1.370614035,always_complementary,,,complementary,complementary,settled_complementary_regardless_of_c_D
baseline,0.8,0.5,0.2,0.8,2.456140351,always_complementary,,,complementary,complementary,settled_complementary_regardless_of_c_D
baseline,0.8,0.5,0.5,0.2,0.1140350877,two_sided_window,0.1261436179,4.629667743,substitutable,substitutable,settled_substitutable
baseline,0.8,0.5,0.5,0.5,0.548245614,always_complementary,,,complementary,complementary,settled_complementary_regardless_of_c_D
baseline,0.8,0.5,0.5,0.8,0.9824561404,always_complementary,,,complementary,complementary,settled_complementary_regardless_of_c_D
baseline,0.8,0.5,0.8,0.2,0.07127192982,two_sided_window,0.07572292049,5.412441183,substitutable,substitutable,settled_substitutable
baseline,0.8,0.5,0.8,0.5,0.3426535088,two_sided_window,0.519014089,2.468110498,complementary,substitutable,unsettled_interval_spans_boundary
baseline,0.8,0.5,0.8,0.8,0.6140350877,always_complementary,,,complementary,complementary,settled_complementary_regardless_of_c_D
high_tracking_low_obstruction_low_shared_cost,0.2,0.0,0.2,0.2,1.075,two_sided_window,1.431295066,12.10753776,complementary,complementary,settled_complementary
high_tracking_low_obstruction_low_shared_cost,0.2,0.0,0.2,0.5,2.875,always_complementary,,,complementary,complementary,settled_complementary_regardless_of_c_D
high_tracking_low_obstruction_low_shared_cost,0.2,0.0,0.2,0.8,4.675,always_complementary,,,complementary,complementary,settled_complementary_regardless_of_c_D
high_tracking_low_obstruction_low_shared_cost,0.2,0.0,0.5,0.2,0.43,two_sided_window,0.4726291478,18.92128873,complementary,substitutable,unsettled_interval_spans_boundary
high_tracking_low_obstruction_low_shared_cost,0.2,0.0,0.5,0.5,1.15,two_sided_window,1.576165601,11.52285069,complementary,complementary,settled_complementary
high_tracking_low_obstruction_low_shared_cost,0.2,0.0,0.5,0.8,1.87,always_complementary,,,complementary,complementary,settled_complementary_regardless_of_c_D
high_tracking_low_obstruction_low_shared_cost,0.2,0.0,0.8,0.2,0.26875,two_sided_window,0.2844844122,22.03245043,complementary,substitutable,unsettled_interval_spans_boundary
high_tracking_low_obstruction_low_shared_cost,0.2,0.0,0.8,0.5,0.71875,two_sided_window,0.8523359762,15.28584443,complementary,complementary,settled_complementary
high_tracking_low_obstruction_low_shared_cost,0.2,0.0,0.8,0.8,1.16875,two_sided_window,1.614045837,11.37930993,complementary,complementary,settled_complementary
high_tracking_low_obstruction_low_shared_cost,0.2,0.5,0.2,0.2,1.131578947,two_sided_window,1.539625168,11.66481579,complementary,complementary,settled_complementary
high_tracking_low_obstruction_low_shared_cost,0.2,0.5,0.2,0.5,3.026315789,always_complementary,,,complementary,complementary,settled_complementary_regardless_of_c_D
high_tracking_low_obstruction_low_shared_cost,0.2,0.5,0.2,0.8,4.921052632,always_complementary,,,complementary,complementary,settled_complementary_regardless_of_c_D
high_tracking_low_obstruction_low_shared_cost,0.2,0.5,0.5,0.2,0.4526315789,two_sided_window,0.5002614118,18.57153369,complementary,substitutable,unsettled_interval_spans_boundary
high_tracking_low_obstruction_low_shared_cost,0.2,0.5,0.5,0.5,1.210526316,two_sided_window,1.701100351,11.06255268,complementary,complementary,settled_complementary
high_tracking_low_obstruction_low_shared_cost,0.2,0.5,0.5,0.8,1.968421053,always_complementary,,,complementary,complementary,settled_complementary_regardless_of_c_D
high_tracking_low_obstruction_low_shared_cost,0.2,0.5,0.8,0.2,0.2828947368,two_sided_window,0.3004127696,21.69995235,complementary,substitutable,unsettled_interval_spans_boundary
high_tracking_low_obstruction_low_shared_cost,0.2,0.5,0.8,0.5,0.7565789474,two_sided_window,0.9070713983,14.90232977,complementary,complementary,settled_complementary
high_tracking_low_obstruction_low_shared_cost,0.2,0.5,0.8,0.8,1.230263158,two_sided_window,1.743589705,10.91416861,complementary,complementary,settled_complementary
high_tracking_low_obstruction_low_shared_cost,0.5,0.0,0.2,0.2,1.075,always_complementary,,,complementary,complementary,settled_complementary_regardless_of_c_D
high_tracking_low_obstruction_low_shared_cost,0.5,0.0,0.2,0.5,2.875,always_complementary,,,complementary,complementary,settled_complementary_regardless_of_c_D
high_tracking_low_obstruction_low_shared_cost,0.5,0.0,0.2,0.8,4.675,always_complementary,,,complementary,complementary,settled_complementary_regardless_of_c_D
high_tracking_low_obstruction_low_shared_cost,0.5,0.0,0.5,0.2,0.43,two_sided_window,0.5725180262,4.843015105,complementary,substitutable,unsettled_interval_spans_boundary
high_tracking_low_obstruction_low_shared_cost,0.5,0.0,0.5,0.5,1.15,always_complementary,,,complementary,complementary,settled_complementary_regardless_of_c_D
high_tracking_low_obstruction_low_shared_cost,0.5,0.0,0.5,0.8,1.87,always_complementary,,,complementary,complementary,settled_complementary_regardless_of_c_D
high_tracking_low_obstruction_low_shared_cost,0.5,0.0,0.8,0.2,0.26875,two_sided_window,0.314517728,6.313247948,complementary,substitutable,unsettled_interval_spans_boundary
high_tracking_low_obstruction_low_shared_cost,0.5,0.0,0.8,0.5,0.71875,two_sided_window,1.598043457,2.464294463,complementary,complementary,settled_complementary
high_tracking_low_obstruction_low_shared_cost,0.5,0.0,0.8,0.8,1.16875,always_complementary,,,complementary,complementary,settled_complementary_regardless_of_c_D
high_tracking_low_obstruction_low_shared_cost,0.5,0.5,0.2,0.2,1.131578947,always_complementary,,,complementary,complementary,settled_complementary_regardless_of_c_D
high_tracking_low_obstruction_low_shared_cost,0.5,0.5,0.2,0.5,3.026315789,always_complementary,,,complementary,complementary,settled_complementary_regardless_of_c_D
high_tracking_low_obstruction_low_shared_cost,0.5,0.5,0.2,0.8,4.921052632,always_complementary,,,complementary,complementary,settled_complementary_regardless_of_c_D
high_tracking_low_obstruction_low_shared_cost,0.5,0.5,0.5,0.2,0.4526315789,two_sided_window,0.6158500674,4.665926315,complementary,substitutable,unsettled_interval_spans_boundary
high_tracking_low_obstruction_low_shared_cost,0.5,0.5,0.5,0.5,1.210526316,always_complementary,,,complementary,complementary,settled_complementary_regardless_of_c_D
high_tracking_low_obstruction_low_shared_cost,0.5,0.5,0.5,0.8,1.968421053,always_complementary,,,complementary,complementary,settled_complementary_regardless_of_c_D
high_tracking_low_obstruction_low_shared_cost,0.5,0.5,0.8,0.2,0.2828947368,two_sided_window,0.3343747014,6.16224223,complementary,substitutable,unsettled_interval_spans_boundary
high_tracking_low_obstruction_low_shared_cost,0.5,0.5,0.8,0.5,0.7565789474,always_complementary,,,complementary,complementary,settled_complementary_regardless_of_c_D
high_tracking_low_obstruction_low_shared_cost,0.5,0.5,0.8,0.8,1.230263158,always_complementary,,,complementary,complementary,settled_complementary_regardless_of_c_D
high_tracking_low_obstruction_low_shared_cost,0.8,0.0,0.2,0.2,1.075,always_complementary,,,complementary,complementary,settled_complementary_regardless_of_c_D
high_tracking_low_obstruction_low_shared_cost,0.8,0.0,0.2,0.5,2.875,always_complementary,,,complementary,complementary,settled_complementary_regardless_of_c_D
high_tracking_low_obstruction_low_shared_cost,0.8,0.0,0.2,0.8,4.675,always_complementary,,,complementary,complementary,settled_complementary_regardless_of_c_D
high_tracking_low_obstruction_low_shared_cost,0.8,0.0,0.5,0.2,0.43,two_sided_window,0.8461724192,1.765517153,complementary,complementary,settled_complementary
high_tracking_low_obstruction_low_shared_cost,0.8,0.0,0.5,0.5,1.15,always_complementary,,,complementary,complementary,settled_complementary_regardless_of_c_D
high_tracking_low_obstruction_low_shared_cost,0.8,0.0,0.5,0.8,1.87,always_complementary,,,complementary,complementary,settled_complementary_regardless_of_c_D
high_tracking_low_obstruction_low_shared_cost,0.8,0.0,0.8,0.2,0.26875,two_sided_window,0.3578237664,3.026884441,complementary,substitutable,unsettled_interval_spans_boundary
high_tracking_low_obstruction_low_shared_cost,0.8,0.0,0.8,0.5,0.71875,always_complementary,,,complementary,complementary,settled_complementary_regardless_of_c_D
high_tracking_low_obstruction_low_shared_cost,0.8,0.0,0.8,0.8,1.16875,always_complementary,,,complementary,complementary,settled_complementary_regardless_of_c_D
high_tracking_low_obstruction_low_shared_cost,0.8,0.5,0.2,0.2,1.131578947,always_complementary,,,complementary,complementary,settled_complementary_regardless_of_c_D
high_tracking_low_obstruction_low_shared_cost,0.8,0.5,0.2,0.5,3.026315789,always_complementary,,,complementary,complementary,settled_complementary_regardless_of_c_D
high_tracking_low_obstruction_low_shared_cost,0.8,0.5,0.2,0.8,4.921052632,always_complementary,,,complementary,complementary,settled_complementary_regardless_of_c_D
high_tracking_low_obstruction_low_shared_cost,0.8,0.5,0.5,0.2,0.4526315789,two_sided_window,1.040635748,1.485722199,complementary,complementary,settled_complementary
high_tracking_low_obstruction_low_shared_cost,0.8,0.5,0.5,0.5,1.210526316,always_complementary,,,complementary,complementary,settled_complementary_regardless_of_c_D
high_tracking_low_obstruction_low_shared_cost,0.8,0.5,0.5,0.8,1.968421053,always_complementary,,,complementary,complementary,settled_complementary_regardless_of_c_D
high_tracking_low_obstruction_low_shared_cost,0.8,0.5,0.8,0.2,0.2828947368,two_sided_window,0.3849062921,2.916203947,complementary,substitutable,unsettled_interval_spans_boundary
high_tracking_low_obstruction_low_shared_cost,0.8,0.5,0.8,0.5,0.7565789474,always_complementary,,,complementary,complementary,settled_complementary_regardless_of_c_D
high_tracking_low_obstruction_low_shared_cost,0.8,0.5,0.8,0.8,1.230263158,always_complementary,,,complementary,complementary,settled_complementary_regardless_of_c_D
high_obstruction_high_shared_cost,0.2,0.0,0.2,0.2,-0.6416666667,always_substitutable,,,substitutable,substitutable,settled_substitutable_regardless_of_c_D
high_obstruction_high_shared_cost,0.2,0.0,0.2,0.5,-0.04166666667,always_substitutable,,,substitutable,substitutable,settled_substitutable_regardless_of_c_D
high_obstruction_high_shared_cost,0.2,0.0,0.2,0.8,0.5583333333,two_sided_window,0.6337874498,17.11326512,complementary,substitutable,unsettled_interval_spans_boundary
high_obstruction_high_shared_cost,0.2,0.0,0.5,0.2,-0.2566666667,always_substitutable,,,substitutable,substitutable,settled_substitutable_regardless_of_c_D
high_obstruction_high_shared_cost,0.2,0.0,0.5,0.5,-0.01666666667,always_substitutable,,,substitutable,substitutable,settled_substitutable_regardless_of_c_D
high_obstruction_high_shared_cost,0.2,0.0,0.5,0.8,0.2233333333,two_sided_window,0.2340354289,23.22066162,complementary,substitutable,unsettled_interval_spans_boundary
high_obstruction_high_shared_cost,0.2,0.0,0.8,0.2,-0.1604166667,always_substitutable,,,substitutable,substitutable,settled_substitutable_regardless_of_c_D
high_obstruction_high_shared_cost,0.2,0.0,0.8,0.5,-0.01041666667,always_substitutable,,,substitutable,substitutable,settled_substitutable_regardless_of_c_D
high_obstruction_high_shared_cost,0.2,0.0,0.8,0.8,0.1395833333,two_sided_window,0.1436517761,26.16819022,substitutable,substitutable,settled_substitutable
high_obstruction_high_shared_cost,0.2,0.5,0.2,0.2,-0.6754385965,always_substitutable,,,substitutable,substitutable,settled_substitutable_regardless_of_c_D
high_obstruction_high_shared_cost,0.2,0.5,0.2,0.5,-0.04385964912,always_substitutable,,,substitutable,substitutable,settled_substitutable_regardless_of_c_D
high_obstruction_high_shared_cost,0.2,0.5,0.2,0.8,0.5877192982,two_sided_window,0.6723037132,16.74931636,complementary,substitutable,unsettled_interval_spans_boundary
high_obstruction_high_shared_cost,0.2,0.5,0.5,0.2,-0.2701754386,always_substitutable,,,substitutable,substitutable,settled_substitutable_regardless_of_c_D
high_obstruction_high_shared_cost,0.2,0.5,0.5,0.5,-0.01754385965,always_substitutable,,,substitutable,substitutable,settled_substitutable_regardless_of_c_D
high_obstruction_high_shared_cost,0.2,0.5,0.5,0.8,0.2350877193,two_sided_window,0.2469923042,22.89317751,complementary,substitutable,unsettled_interval_spans_boundary
high_obstruction_high_shared_cost,0.2,0.5,0.8,0.2,-0.1688596491,always_substitutable,,,substitutable,substitutable,settled_substitutable_regardless_of_c_D
high_obstruction_high_shared_cost,0.2,0.5,0.8,0.5,-0.01096491228,always_substitutable,,,substitutable,substitutable,settled_substitutable_regardless_of_c_D
high_obstruction_high_shared_cost,0.2,0.5,0.8,0.8,0.1469298246,two_sided_window,0.1514483681,25.8506868,substitutable,substitutable,settled_substitutable
high_obstruction_high_shared_cost,0.5,0.0,0.2,0.2,-0.6416666667,always_substitutable,,,substitutable,substitutable,settled_substitutable_regardless_of_c_D
high_obstruction_high_shared_cost,0.5,0.0,0.2,0.5,-0.04166666667,always_substitutable,,,substitutable,substitutable,settled_substitutable_regardless_of_c_D
high_obstruction_high_shared_cost,0.5,0.0,0.2,0.8,0.5583333333,two_sided_window,0.8570273483,3.874358393,complementary,complementary,settled_complementary
high_obstruction_high_shared_cost,0.5,0.0,0.5,0.2,-0.2566666667,always_substitutable,,,substitutable,substitutable,settled_substitutable_regardless_of_c_D
high_obstruction_high_shared_cost,0.5,0.0,0.5,0.5,-0.01666666667,always_substitutable,,,substitutable,substitutable,settled_substitutable_regardless_of_c_D
high_obstruction_high_shared_cost,0.5,0.0,0.5,0.8,0.2233333333,two_sided_window,0.2535149799,6.845306049,complementary,substitutable,unsettled_interval_spans_boundary
high_obstruction_high_shared_cost,0.5,0.0,0.8,0.2,-0.1604166667,always_substitutable,,,substitutable,substitutable,settled_substitutable_regardless_of_c_D
high_obstruction_high_shared_cost,0.5,0.0,0.8,0.5,-0.01041666667,always_substitutable,,,substitutable,substitutable,settled_substitutable_regardless_of_c_D
high_obstruction_high_shared_cost,0.5,0.0,0.8,0.8,0.1395833333,two_sided_window,0.150491653,8.129083291,substitutable,substitutable,settled_substitutable
high_obstruction_high_shared_cost,0.5,0.5,0.2,0.2,-0.6754385965,always_substitutable,,,substitutable,substitutable,settled_substitutable_regardless_of_c_D
high_obstruction_high_shared_cost,0.5,0.5,0.2,0.5,-0.04385964912,always_substitutable,,,substitutable,substitutable,settled_substitutable_regardless_of_c_D
high_obstruction_high_shared_cost,0.5,0.5,0.2,0.8,0.5877192982,two_sided_window,0.9406559037,3.655450149,complementary,complementary,settled_complementary
high_obstruction_high_shared_cost,0.5,0.5,0.5,0.2,-0.2701754386,always_substitutable,,,substitutable,substitutable,settled_substitutable_regardless_of_c_D
high_obstruction_high_shared_cost,0.5,0.5,0.5,0.5,-0.01754385965,always_substitutable,,,substitutable,substitutable,settled_substitutable_regardless_of_c_D
high_obstruction_high_shared_cost,0.5,0.5,0.5,0.8,0.2350877193,two_sided_window,0.2689214853,6.699726544,complementary,substitutable,unsettled_interval_spans_boundary
high_obstruction_high_shared_cost,0.5,0.5,0.8,0.2,-0.1688596491,always_substitutable,,,substitutable,substitutable,settled_substitutable_regardless_of_c_D
high_obstruction_high_shared_cost,0.5,0.5,0.8,0.5,-0.01096491228,always_substitutable,,,substitutable,substitutable,settled_substitutable_regardless_of_c_D
high_obstruction_high_shared_cost,0.5,0.5,0.8,0.8,0.1469298246,two_sided_window,0.1590951868,7.99264349,substitutable,substitutable,settled_substitutable
high_obstruction_high_shared_cost,0.8,0.0,0.2,0.2,-0.6416666667,always_substitutable,,,substitutable,substitutable,settled_substitutable_regardless_of_c_D
high_obstruction_high_shared_cost,0.8,0.0,0.2,0.5,-0.04166666667,always_substitutable,,,substitutable,substitutable,settled_substitutable_regardless_of_c_D
high_obstruction_high_shared_cost,0.8,0.0,0.2,0.8,0.5583333333,always_complementary,,,complementary,complementary,settled_complementary_regardless_of_c_D
high_obstruction_high_shared_cost,0.8,0.0,0.5,0.2,-0.2566666667,always_substitutable,,,substitutable,substitutable,settled_substitutable_regardless_of_c_D
high_obstruction_high_shared_cost,0.8,0.0,0.5,0.5,-0.01666666667,always_substitutable,,,substitutable,substitutable,settled_substitutable_regardless_of_c_D
high_obstruction_high_shared_cost,0.8,0.0,0.5,0.8,0.2233333333,two_sided_window,0.279234893,3.405661202,complementary,substitutable,unsettled_interval_spans_boundary
high_obstruction_high_shared_cost,0.8,0.0,0.8,0.2,-0.1604166667,always_substitutable,,,substitutable,substitutable,settled_substitutable_regardless_of_c_D
high_obstruction_high_shared_cost,0.8,0.0,0.8,0.5,-0.01041666667,always_substitutable,,,substitutable,substitutable,settled_substitutable_regardless_of_c_D
high_obstruction_high_shared_cost,0.8,0.0,0.8,0.8,0.1395833333,two_sided_window,0.1584468625,4.27831628,substitutable,substitutable,settled_substitutable
high_obstruction_high_shared_cost,0.8,0.5,0.2,0.2,-0.6754385965,always_substitutable,,,substitutable,substitutable,settled_substitutable_regardless_of_c_D
high_obstruction_high_shared_cost,0.8,0.5,0.2,0.5,-0.04385964912,always_substitutable,,,substitutable,substitutable,settled_substitutable_regardless_of_c_D
high_obstruction_high_shared_cost,0.8,0.5,0.2,0.8,0.5877192982,always_complementary,,,complementary,complementary,settled_complementary_regardless_of_c_D
high_obstruction_high_shared_cost,0.8,0.5,0.5,0.2,-0.2701754386,always_substitutable,,,substitutable,substitutable,settled_substitutable_regardless_of_c_D
high_obstruction_high_shared_cost,0.8,0.5,0.5,0.5,-0.01754385965,always_substitutable,,,substitutable,substitutable,settled_substitutable_regardless_of_c_D
high_obstruction_high_shared_cost,0.8,0.5,0.5,0.8,0.2350877193,two_sided_window,0.2984956023,3.303457919,complementary,substitutable,unsettled_interval_spans_boundary
high_obstruction_high_shared_cost,0.8,0.5,0.8,0.2,-0.1688596491,always_substitutable,,,substitutable,substitutable,settled_substitutable_regardless_of_c_D
high_obstruction_high_shared_cost,0.8,0.5,0.8,0.5,-0.01096491228,always_substitutable,,,substitutable,substitutable,settled_substitutable_regardless_of_c_D
high_obstruction_high_shared_cost,0.8,0.5,0.8,0.8,0.1469298246,two_sided_window,0.1680759283,4.18732909,substitutable,substitutable,settled_substitutable
